VOL,SITE,LANE,MET,ACC,CON
1328,B,3,0,1600,
1348,B,3,0,1600,
1352,B,3,0,1600,
1355,B,3,0,1600,
1364,B,3,0,1600,
1364,B,3,0,1600,
1368,B,3,0,1600,
1370,B,3,0,1600,
1373,B,3,0,1600,
1382,B,3,0,1600,
1384,B,3,0,1600,
1388,B,3,0,1600,
1388,B,3,0,1600,
1396,B,3,0,1600,
1397,B,3,0,1600,
1400,B,3,0,1600,
1400,B,3,0,1600,
1402,B,3,0,1600,
1417,B,3,0,1600,
1419,B,3,0,1600,
1432,B,3,0,1600,
1436,B,3,0,1600,
1439,B,3,0,1600,
1439,B,3,0,1600,
1441,B,3,0,1600,
1447,B,3,0,1600,
1451,B,3,0,1600,
1452,B,3,0,1600,
1452,B,3,0,1600,
1455,B,3,0,1600,
1464,B,3,0,1600,
1467,B,3,0,1600,
1473,B,3,0,1600,
1480,B,3,0,1600,
1481,B,3,0,1600,
1485,B,3,0,1600,
1488,B,3,0,1600,
1493,B,3,0,1600,
1496,B,3,0,1600,
1496,B,3,0,1600,
1498,B,3,0,1600,
1499,B,3,0,1600,
1503,B,3,0,1600,
1505,B,3,0,1600,
1511,B,3,0,1600,
1512,B,3,0,1600,
1513,B,3,0,1600,
1514,B,3,0,1600,
1516,B,3,0,1600,
1516,B,3,0,1600,
1517,B,3,0,1600,
1519,B,3,0,1600,
1520,B,3,0,1600,
1524,B,3,0,1600,
1524,B,3,0,1600,
1528,B,3,0,1600,
1528,B,3,0,1600,
1532,B,3,0,1600,
1535,B,3,0,1600,
1537,B,3,0,1600,
1537,B,3,0,1600,
1539,B,3,0,1600,
1539,B,3,0,1600,
1541,B,3,0,1600,
1544,B,3,0,1600,
1544,B,3,0,1600,
1552,B,3,0,1600,
1552,B,3,0,1600,
1552,B,3,0,1600,
1553,B,3,0,1600,
1555,B,3,0,1600,
1556,B,3,0,1600,
1557,B,3,0,1600,
1557,B,3,0,1600,
1559,B,3,0,1600,
1560,B,3,0,1600,
1564,B,3,0,1600,
1565,B,3,0,1600,
1565,B,3,0,1600,
1566,B,3,0,1600,
1568,B,3,0,1600,
1569,B,3,0,1600,
1572,B,3,0,1600,
1572,B,3,0,1600,
1572,B,3,0,1600,
1572,B,3,0,1600,
1574,B,3,0,1600,
1576,B,3,0,1600,
1577,B,3,0,1600,
1578,B,3,0,1600,
1581,B,3,0,1600,
1582,B,3,0,1600,
1584,B,3,0,1600,
1588,B,3,0,1600,
1589,B,3,0,1600,
1589,B,3,0,1600,
1590,B,3,0,1600,
1592,B,3,0,1600,
1592,B,3,0,1600,
1592,B,3,0,1600,
1594,B,3,0,1600,
1595,B,3,0,1600,
1600,B,3,0,1600,
1600,B,3,0,1600,
1601,B,3,0,1600,
1602,B,3,0,1600,
1602,B,3,0,1600,
1604,B,3,0,1600,
1604,B,3,0,1600,
1604,B,3,0,1600,
1604,B,3,0,1600,
1605,B,3,0,1600,
1606,B,3,0,1600,
1607,B,3,0,1600,
1608,B,3,0,1600,
1608,B,3,0,1600,
1608,B,3,0,1600,
1609,B,3,0,1600,
1609,B,3,0,1600,
1618,B,3,0,1600,
1620,B,3,0,1600,
1621,B,3,0,1600,
1622,B,3,0,1600,
1623,B,3,0,1600,
1625,B,3,0,1600,
1626,B,3,0,1600,
1631,B,3,0,1600,
1632,B,3,0,1600,
1632,B,3,0,1600,
1634,B,3,0,1600,
1635,B,3,0,1600,
1635,B,3,0,1600,
1636,B,3,0,1600,
1636,B,3,0,1600,
1637,B,3,0,1600,
1637,B,3,0,1600,
1639,B,3,0,1600,
1640,B,3,0,1600,
1644,B,3,0,1600,
1644,B,3,0,1600,
1646,B,3,0,1600,
1646,B,3,0,1600,
1648,B,3,0,1600,
1648,B,3,0,1600,
1648,B,3,0,1600,
1656,B,3,0,1600,
1657,B,3,0,1600,
1659,B,3,0,1600,
1661,B,3,0,1600,
1661,B,3,0,1600,
1664,B,3,0,1600,
1664,B,3,0,1600,
1673,B,3,0,1600,
1676,B,3,0,1600,
1681,B,3,0,1600,
1682,B,3,0,1600,
1684,B,3,0,1600,
1684,B,3,0,1600,
1684,B,3,0,1600,
1684,B,3,0,1600,
1687,B,3,0,1600,
1687,B,3,0,1600,
1692,B,3,0,1600,
1694,B,3,0,1600,
1699,B,3,0,1600,
1701,B,3,0,1600,
1704,B,3,0,1600,
1708,B,3,0,1600,
1709,B,3,0,1600,
1709,B,3,0,1600,
1710,B,3,0,1600,
1716,B,3,0,1600,
1716,B,3,0,1600,
1720,B,3,0,1600,
1723,B,3,0,1600,
1724,B,3,0,1600,
1725,B,3,0,1600,
1731,B,3,0,1600,
1737,B,3,0,1600,
1747,B,3,0,1600,
1747,B,3,0,1600,
1748,B,3,0,1600,
1751,B,3,0,1600,
1752,B,3,0,1600,
1753,B,3,0,1600,
1756,B,3,0,1600,
1759,B,3,0,1600,
1764,B,3,0,1600,
1764,B,3,0,1600,
1766,B,3,0,1600,
1768,B,3,0,1600,
1775,B,3,0,1600,
1777,B,3,0,1600,
1778,B,3,0,1600,
1781,B,3,0,1600,
1785,B,3,0,1600,
1787,B,3,0,1600,
1788,B,3,0,1600,
1790,B,3,0,1600,
1792,B,3,0,1600,
1793,B,3,0,1600,
1796,B,3,0,1600,
1799,B,3,0,1600,
1800,B,3,0,1600,
1801,B,3,0,1600,
1802,B,3,0,1600,
1808,B,3,0,1600,
1812,B,3,0,1600,
1812,B,3,0,1600,
1814,B,3,0,1600,
1815,B,3,0,1600,
1816,B,3,0,1600,
1819,B,3,0,1600,
1820,B,3,0,1600,
1820,B,3,0,1600,
1824,B,3,0,1600,
1824,B,3,0,1600,
1826,B,3,0,1600,
1828,B,3,0,1600,
1829,B,3,0,1600,
1832,B,3,0,1600,
1832,B,3,0,1600,
1835,B,3,0,1600,
1837,B,3,0,1600,
1839,B,3,0,1600,
1857,B,3,0,1600,
1860,B,3,0,1600,
1868,B,3,0,1600,
1872,B,3,0,1600,
1873,B,3,0,1600,
1890,B,3,0,1600,
1892,B,3,0,1600,
1894,B,3,0,1600,
1896,B,3,0,1600,
1904,B,3,0,1600,
1920,B,3,0,1600,
1924,B,3,0,1600,
1931,B,3,0,1600,
1993,B,3,0,1600,
1308,Q,3,0,650,
1455,Q,3,0,650,
1476,Q,3,0,650,
1536,Q,3,0,650,
1542,Q,3,0,650,
1545,Q,3,0,650,
1566,Q,3,0,650,
1572,Q,3,0,650,
1575,Q,3,0,650,
1578,Q,3,0,650,
1578,Q,3,0,650,
1584,Q,3,0,650,
1587,Q,3,0,650,
1587,Q,3,0,650,
1590,Q,3,0,650,
1605,Q,3,0,650,
1608,Q,3,0,650,
1608,Q,3,0,650,
1623,Q,3,0,650,
1629,Q,3,0,650,
1635,Q,3,0,650,
1635,Q,3,0,650,
1647,Q,3,0,650,
1647,Q,3,0,650,
1647,Q,3,0,650,
1653,Q,3,0,650,
1653,Q,3,0,650,
1659,Q,3,0,650,
1665,Q,3,0,650,
1665,Q,3,0,650,
1668,Q,3,0,650,
1674,Q,3,0,650,
1674,Q,3,0,650,
1680,Q,3,0,650,
1686,Q,3,0,650,
1686,Q,3,0,650,
1689,Q,3,0,650,
1692,Q,3,0,650,
1707,Q,3,0,650,
1707,Q,3,0,650,
1707,Q,3,0,650,
1707,Q,3,0,650,
1710,Q,3,0,650,
1710,Q,3,0,650,
1713,Q,3,0,650,
1722,Q,3,0,650,
1731,Q,3,0,650,
1737,Q,3,0,650,
1740,Q,3,0,650,
1752,Q,3,0,650,
1752,Q,3,0,650,
1752,Q,3,0,650,
1761,Q,3,0,650,
1761,Q,3,0,650,
1770,Q,3,0,650,
1779,Q,3,0,650,
1791,Q,3,0,650,
1803,Q,3,0,650,
1806,Q,3,0,650,
1815,Q,3,0,650,
1842,Q,3,0,650,
1854,Q,3,0,650,
1857,Q,3,0,650,
1881,Q,3,0,650,
1905,Q,3,0,650,
1914,Q,3,0,650,
1914,Q,3,0,650,
1932,Q,3,0,650,
1932,Q,3,0,650,
1938,Q,3,0,650,
1944,Q,3,0,650,
1944,Q,3,0,650,
1950,Q,3,0,650,
1953,Q,3,0,650,
1968,Q,3,0,650,
1974,Q,3,0,650,
1974,Q,3,0,650,
1974,Q,3,0,650,
1977,Q,3,0,650,
1980,Q,3,0,650,
1995,Q,3,0,650,
1995,Q,3,0,650,
1998,Q,3,0,650,
2007,Q,3,0,650,
2007,Q,3,0,650,
2010,Q,3,0,650,
2013,Q,3,0,650,
2013,Q,3,0,650,
2022,Q,3,0,650,
2028,Q,3,0,650,
2028,Q,3,0,650,
2040,Q,3,0,650,
2046,Q,3,0,650,
2046,Q,3,0,650,
2049,Q,3,0,650,
2049,Q,3,0,650,
2064,Q,3,0,650,
2067,Q,3,0,650,
2070,Q,3,0,650,
2070,Q,3,0,650,
2070,Q,3,0,650,
2073,Q,3,0,650,
2073,Q,3,0,650,
2082,Q,3,0,650,
2085,Q,3,0,650,
2085,Q,3,0,650,
2085,Q,3,0,650,
2088,Q,3,0,650,
2088,Q,3,0,650,
2091,Q,3,0,650,
2094,Q,3,0,650,
2103,Q,3,0,650,
2106,Q,3,0,650,
2106,Q,3,0,650,
2109,Q,3,0,650,
2109,Q,3,0,650,
2112,Q,3,0,650,
2115,Q,3,0,650,
2121,Q,3,0,650,
2130,Q,3,0,650,
2139,Q,3,0,650,
2139,Q,3,0,650,
2142,Q,3,0,650,
2145,Q,3,0,650,
2145,Q,3,0,650,
2154,Q,3,0,650,
2163,Q,3,0,650,
2169,Q,3,0,650,
2169,Q,3,0,650,
2169,Q,3,0,650,
2172,Q,3,0,650,
2175,Q,3,0,650,
2193,Q,3,0,650,
2196,Q,3,0,650,
2205,Q,3,0,650,
2214,Q,3,0,650,
2217,Q,3,0,650,
2232,Q,3,0,650,
2241,Q,3,0,650,
2241,Q,3,0,650,
2244,Q,3,0,650,
2268,Q,3,0,650,
2268,Q,3,0,650,
2271,Q,3,0,650,
2271,Q,3,0,650,
2280,Q,3,0,650,
2295,Q,3,0,650,
2325,Q,3,0,650,
2361,Q,3,0,650,
2385,Q,3,0,650,
1376,S,3,0,450,
1400,S,3,0,450,
1488,S,3,0,450,
1524,S,3,0,450,
1560,S,3,0,450,
1604,S,3,0,450,
1631,S,3,0,450,
1692,S,3,0,450,
1724,S,3,0,450,
1764,S,3,0,450,
1775,S,3,0,450,
1779,S,3,0,450,
1792,S,3,0,450,
1792,S,3,0,450,
1792,S,3,0,450,
1800,S,3,0,450,
1809,S,3,0,450,
1812,S,3,0,450,
1812,S,3,0,450,
1812,S,3,0,450,
1816,S,3,0,450,
1824,S,3,0,450,
1824,S,3,0,450,
1832,S,3,0,450,
1832,S,3,0,450,
1835,S,3,0,450,
1836,S,3,0,450,
1836,S,3,0,450,
1836,S,3,0,450,
1840,S,3,0,450,
1849,S,3,0,450,
1849,S,3,0,450,
1852,S,3,0,450,
1855,S,3,0,450,
1860,S,3,0,450,
1863,S,3,0,450,
1864,S,3,0,450,
1865,S,3,0,450,
1872,S,3,0,450,
1879,S,3,0,450,
1883,S,3,0,450,
1883,S,3,0,450,
1884,S,3,0,450,
1887,S,3,0,450,
1888,S,3,0,450,
1891,S,3,0,450,
1896,S,3,0,450,
1900,S,3,0,450,
1901,S,3,0,450,
1903,S,3,0,450,
1905,S,3,0,450,
1907,S,3,0,450,
1908,S,3,0,450,
1909,S,3,0,450,
1915,S,3,0,450,
1916,S,3,0,450,
1916,S,3,0,450,
1920,S,3,0,450,
1924,S,3,0,450,
1924,S,3,0,450,
1924,S,3,0,450,
1927,S,3,0,450,
1931,S,3,0,450,
1932,S,3,0,450,
1935,S,3,0,450,
1939,S,3,0,450,
1939,S,3,0,450,
1943,S,3,0,450,
1943,S,3,0,450,
1944,S,3,0,450,
1945,S,3,0,450,
1948,S,3,0,450,
1948,S,3,0,450,
1952,S,3,0,450,
1953,S,3,0,450,
1955,S,3,0,450,
1955,S,3,0,450,
1955,S,3,0,450,
1956,S,3,0,450,
1956,S,3,0,450,
1957,S,3,0,450,
1960,S,3,0,450,
1960,S,3,0,450,
1963,S,3,0,450,
1963,S,3,0,450,
1964,S,3,0,450,
1968,S,3,0,450,
1972,S,3,0,450,
1973,S,3,0,450,
1983,S,3,0,450,
1983,S,3,0,450,
1984,S,3,0,450,
1984,S,3,0,450,
1987,S,3,0,450,
1988,S,3,0,450,
1988,S,3,0,450,
1992,S,3,0,450,
1996,S,3,0,450,
2005,S,3,0,450,
2008,S,3,0,450,
2008,S,3,0,450,
2011,S,3,0,450,
2011,S,3,0,450,
2012,S,3,0,450,
2012,S,3,0,450,
2012,S,3,0,450,
2020,S,3,0,450,
2024,S,3,0,450,
2024,S,3,0,450,
2027,S,3,0,450,
2031,S,3,0,450,
2035,S,3,0,450,
2039,S,3,0,450,
2040,S,3,0,450,
2041,S,3,0,450,
2052,S,3,0,450,
2057,S,3,0,450,
2060,S,3,0,450,
2067,S,3,0,450,
2069,S,3,0,450,
2073,S,3,0,450,
2077,S,3,0,450,
2093,S,3,0,450,
2099,S,3,0,450,
2101,S,3,0,450,
2112,S,3,0,450,
2119,S,3,0,450,
2120,S,3,0,450,
2121,S,3,0,450,
2132,S,3,0,450,
2136,S,3,0,450,
2136,S,3,0,450,
2147,S,3,0,450,
2151,S,3,0,450,
2151,S,3,0,450,
2157,S,3,0,450,
2164,S,3,0,450,
2224,S,3,0,450,
2276,S,3,0,450,
1311.114,F,4,0,600,SAME
1325.952,F,4,0,600,SAME
1329,F,4,0,600,SAME
1344.18,F,4,0,600,SAME
1374,F,4,0,600,SAME
1374,F,4,0,600,SAME
1421.796,F,4,0,600,SAME
1452,F,4,0,600,SAME
1452.195,F,4,0,600,SAME
1454.772,F,4,0,600,SAME
1464,F,4,0,600,SAME
1490.4,F,4,0,600,SAME
1509,F,4,0,600,SAME
1515.036,F,4,0,600,SAME
1524,F,4,0,600,SAME
1542,F,4,0,600,SAME
1542.138,F,4,0,600,SAME
1547.784,F,4,0,600,SAME
1557.36,F,4,0,600,SAME
1566,F,4,0,600,SAME
1581.72,F,4,0,600,SAME
1584.072,F,4,0,600,SAME
1599.021,F,4,0,600,SAME
1607.727,F,4,0,600,SAME
1617,F,4,0,600,SAME
1620,F,4,0,600,SAME
1628.424,F,4,0,600,SAME
1628.64,F,4,0,600,SAME
1632.075,F,4,0,600,SAME
1632.204,F,4,0,600,SAME
1640.52,F,4,0,600,SAME
1641.168,F,4,0,600,SAME
1650,F,4,0,600,SAME
1655.964,F,4,0,600,SAME
1659,F,4,0,600,SAME
1659.438,F,4,0,600,SAME
1661.616,F,4,0,600,SAME
1662,F,4,0,600,SAME
1668.462,F,4,0,600,SAME
1670.553,F,4,0,600,SAME
1674,F,4,0,600,SAME
1679.94,F,4,0,600,SAME
1680.003,F,4,0,600,SAME
1683,F,4,0,600,SAME
1683.552,F,4,0,600,SAME
1683.726,F,4,0,600,SAME
1683.747,F,4,0,600,SAME
1695,F,4,0,600,SAME
1695.153,F,4,0,600,SAME
1701,F,4,0,600,SAME
1701.336,F,4,0,600,SAME
1712.88,F,4,0,600,SAME
1716,F,4,0,600,SAME
1716,F,4,0,600,SAME
1716.12,F,4,0,600,SAME
1721.538,F,4,0,600,SAME
1722.6,F,4,0,600,SAME
1724.469,F,4,0,600,SAME
1725.321,F,4,0,600,SAME
1725.36,F,4,0,600,SAME
1733.265,F,4,0,600,SAME
1733.49,F,4,0,600,SAME
1733.721,F,4,0,600,SAME
1736.982,F,4,0,600,SAME
1737.36,F,4,0,600,SAME
1739.52,F,4,0,600,SAME
1740.222,F,4,0,600,SAME
1742.262,F,4,0,600,SAME
1743.156,F,4,0,600,SAME
1748.736,F,4,0,600,SAME
1749.504,F,4,0,600,SAME
1754.4,F,4,0,600,SAME
1757.715,F,4,0,600,SAME
1758.249,F,4,0,600,SAME
1763.46,F,4,0,600,SAME
1766.19,F,4,0,600,SAME
1769.85,F,4,0,600,SAME
1770.516,F,4,0,600,SAME
1775.235,F,4,0,600,SAME
1775.562,F,4,0,600,SAME
1776.006,F,4,0,600,SAME
1776.132,F,4,0,600,SAME
1776.489,F,4,0,600,SAME
1776.6,F,4,0,600,SAME
1779.03,F,4,0,600,SAME
1781.328,F,4,0,600,SAME
1781.934,F,4,0,600,SAME
1782.48,F,4,0,600,SAME
1782.648,F,4,0,600,SAME
1788,F,4,0,600,SAME
1790.46,F,4,0,600,SAME
1791.453,F,4,0,600,SAME
1791.855,F,4,0,600,SAME
1793.583,F,4,0,600,SAME
1794.39,F,4,0,600,SAME
1794.654,F,4,0,600,SAME
1794.654,F,4,0,600,SAME
1797.12,F,4,0,600,SAME
1797.42,F,4,0,600,SAME
1799.343,F,4,0,600,SAME
1799.892,F,4,0,600,SAME
1800,F,4,0,600,SAME
1802.34,F,4,0,600,SAME
1803.45,F,4,0,600,SAME
1803.69,F,4,0,600,SAME
1805.931,F,4,0,600,SAME
1806,F,4,0,600,SAME
1806.246,F,4,0,600,SAME
1806.441,F,4,0,600,SAME
1806.669,F,4,0,600,SAME
1808.352,F,4,0,600,SAME
1808.91,F,4,0,600,SAME
1809,F,4,0,600,SAME
1809,F,4,0,600,SAME
1811.376,F,4,0,600,SAME
1812.549,F,4,0,600,SAME
1814.994,F,4,0,600,SAME
1823.445,F,4,0,600,SAME
1824.636,F,4,0,600,SAME
1827.624,F,4,0,600,SAME
1829.346,F,4,0,600,SAME
1829.796,F,4,0,600,SAME
1830.744,F,4,0,600,SAME
1832.517,F,4,0,600,SAME
1833.468,F,4,0,600,SAME
1836,F,4,0,600,SAME
1836.45,F,4,0,600,SAME
1839,F,4,0,600,SAME
1839.399,F,4,0,600,SAME
1841.562,F,4,0,600,SAME
1841.616,F,4,0,600,SAME
1842.006,F,4,0,600,SAME
1845,F,4,0,600,SAME
1845.837,F,4,0,600,SAME
1847.766,F,4,0,600,SAME
1847.808,F,4,0,600,SAME
1848.24,F,4,0,600,SAME
1848.708,F,4,0,600,SAME
1851.351,F,4,0,600,SAME
1851.642,F,4,0,600,SAME
1851.696,F,4,0,600,SAME
1853.445,F,4,0,600,SAME
1853.466,F,4,0,600,SAME
1853.718,F,4,0,600,SAME
1854,F,4,0,600,SAME
1856.196,F,4,0,600,SAME
1856.553,F,4,0,600,SAME
1856.58,F,4,0,600,SAME
1863,F,4,0,600,SAME
1865.598,F,4,0,600,SAME
1865.952,F,4,0,600,SAME
1868.328,F,4,0,600,SAME
1869.3,F,4,0,600,SAME
1871.625,F,4,0,600,SAME
1874.52,F,4,0,600,SAME
1875,F,4,0,600,SAME
1875.834,F,4,0,600,SAME
1878,F,4,0,600,SAME
1878.156,F,4,0,600,SAME
1878.726,F,4,0,600,SAME
1878.75,F,4,0,600,SAME
1881,F,4,0,600,SAME
1881,F,4,0,600,SAME
1881.306,F,4,0,600,SAME
1881.363,F,4,0,600,SAME
1886.643,F,4,0,600,SAME
1886.712,F,4,0,600,SAME
1887.39,F,4,0,600,SAME
1889.874,F,4,0,600,SAME
1892.418,F,4,0,600,SAME
1896.597,F,4,0,600,SAME
1898.679,F,4,0,600,SAME
1899.45,F,4,0,600,SAME
1901.718,F,4,0,600,SAME
1902.042,F,4,0,600,SAME
1911.18,F,4,0,600,SAME
1913.064,F,4,0,600,SAME
1913.871,F,4,0,600,SAME
1914,F,4,0,600,SAME
1914.336,F,4,0,600,SAME
1916.43,F,4,0,600,SAME
1916.904,F,4,0,600,SAME
1917.54,F,4,0,600,SAME
1919.7,F,4,0,600,SAME
1922.544,F,4,0,600,SAME
1923.48,F,4,0,600,SAME
1923.597,F,4,0,600,SAME
1925.262,F,4,0,600,SAME
1925.55,F,4,0,600,SAME
1926,F,4,0,600,SAME
1926.384,F,4,0,600,SAME
1931.37,F,4,0,600,SAME
1931.994,F,4,0,600,SAME
1931.994,F,4,0,600,SAME
1932,F,4,0,600,SAME
1932.216,F,4,0,600,SAME
1932.534,F,4,0,600,SAME
1935.216,F,4,0,600,SAME
1935.648,F,4,0,600,SAME
1937.34,F,4,0,600,SAME
1941,F,4,0,600,SAME
1944,F,4,0,600,SAME
1947,F,4,0,600,SAME
1947.288,F,4,0,600,SAME
1952.64,F,4,0,600,SAME
1953.6,F,4,0,600,SAME
1955.715,F,4,0,600,SAME
1956.495,F,4,0,600,SAME
1956.771,F,4,0,600,SAME
1959,F,4,0,600,SAME
1959,F,4,0,600,SAME
1961.304,F,4,0,600,SAME
1961.85,F,4,0,600,SAME
1961.928,F,4,0,600,SAME
1962,F,4,0,600,SAME
1962.198,F,4,0,600,SAME
1964.928,F,4,0,600,SAME
1965,F,4,0,600,SAME
1967.889,F,4,0,600,SAME
1968.192,F,4,0,600,SAME
1968.192,F,4,0,600,SAME
1970.496,F,4,0,600,SAME
1973.4,F,4,0,600,SAME
1973.76,F,4,0,600,SAME
1973.991,F,4,0,600,SAME
1976.178,F,4,0,600,SAME
1976.832,F,4,0,600,SAME
1977,F,4,0,600,SAME
1985.139,F,4,0,600,SAME
1985.757,F,4,0,600,SAME
1986.966,F,4,0,600,SAME
1991.43,F,4,0,600,SAME
1992.276,F,4,0,600,SAME
1992.978,F,4,0,600,SAME
1995.456,F,4,0,600,SAME
1995.714,F,4,0,600,SAME
1995.813,F,4,0,600,SAME
2004.843,F,4,0,600,SAME
2007.243,F,4,0,600,SAME
2009.706,F,4,0,600,SAME
2010.762,F,4,0,600,SAME
2012.391,F,4,0,600,SAME
2018.028,F,4,0,600,SAME
2019.108,F,4,0,600,SAME
2019.867,F,4,0,600,SAME
2027.916,F,4,0,600,SAME
2030.4,F,4,0,600,SAME
2034.576,F,4,0,600,SAME
2045.043,F,4,0,600,SAME
2046,F,4,0,600,SAME
2049.72,F,4,0,600,SAME
2051.397,F,4,0,600,SAME
2051.46,F,4,0,600,SAME
2052.33,F,4,0,600,SAME
2055.168,F,4,0,600,SAME
2057.46,F,4,0,600,SAME
2060.625,F,4,0,600,SAME
2061.27,F,4,0,600,SAME
2064.384,F,4,0,600,SAME
2069.1,F,4,0,600,SAME
2072.772,F,4,0,600,SAME
2079,F,4,0,600,SAME
2094.624,F,4,0,600,SAME
2114.628,F,4,0,600,SAME
2114.721,F,4,0,600,SAME
2115.36,F,4,0,600,SAME
2129.787,F,4,0,600,SAME
2142.024,F,4,0,600,SAME
2148.552,F,4,0,600,SAME
1305,G,4ADD,0,1200,ADD
1428,G,4ADD,0,1200,ADD
1449,G,4ADD,0,1200,ADD
1494,G,4ADD,0,1200,ADD
1506,G,4ADD,0,1200,ADD
1521,G,4ADD,0,1200,ADD
1521,G,4ADD,0,1200,ADD
1539,G,4ADD,0,1200,ADD
1548,G,4ADD,0,1200,ADD
1551,G,4ADD,0,1200,ADD
1566,G,4ADD,0,1200,ADD
1581,G,4ADD,0,1200,ADD
1584,G,4ADD,0,1200,ADD
1587,G,4ADD,0,1200,ADD
1617,G,4ADD,0,1200,ADD
1620,G,4ADD,0,1200,ADD
1620,G,4ADD,0,1200,ADD
1623,G,4ADD,0,1200,ADD
1635,G,4ADD,0,1200,ADD
1635,G,4ADD,0,1200,ADD
1638,G,4ADD,0,1200,ADD
1638,G,4ADD,0,1200,ADD
1641,G,4ADD,0,1200,ADD
1641,G,4ADD,0,1200,ADD
1641,G,4ADD,0,1200,ADD
1641,G,4ADD,0,1200,ADD
1644,G,4ADD,0,1200,ADD
1653,G,4ADD,0,1200,ADD
1662,G,4ADD,0,1200,ADD
1662,G,4ADD,0,1200,ADD
1668,G,4ADD,0,1200,ADD
1671,G,4ADD,0,1200,ADD
1671,G,4ADD,0,1200,ADD
1674,G,4ADD,0,1200,ADD
1677,G,4ADD,0,1200,ADD
1680,G,4ADD,0,1200,ADD
1680,G,4ADD,0,1200,ADD
1686,G,4ADD,0,1200,ADD
1692,G,4ADD,0,1200,ADD
1692,G,4ADD,0,1200,ADD
1695,G,4ADD,0,1200,ADD
1698,G,4ADD,0,1200,ADD
1701,G,4ADD,0,1200,ADD
1704,G,4ADD,0,1200,ADD
1710,G,4ADD,0,1200,ADD
1710,G,4ADD,0,1200,ADD
1713,G,4ADD,0,1200,ADD
1713,G,4ADD,0,1200,ADD
1716,G,4ADD,0,1200,ADD
1719,G,4ADD,0,1200,ADD
1722,G,4ADD,0,1200,ADD
1722,G,4ADD,0,1200,ADD
1725,G,4ADD,0,1200,ADD
1725,G,4ADD,0,1200,ADD
1728,G,4ADD,0,1200,ADD
1731,G,4ADD,0,1200,ADD
1734,G,4ADD,0,1200,ADD
1737,G,4ADD,0,1200,ADD
1737,G,4ADD,0,1200,ADD
1737,G,4ADD,0,1200,ADD
1740,G,4ADD,0,1200,ADD
1740,G,4ADD,0,1200,ADD
1743,G,4ADD,0,1200,ADD
1743,G,4ADD,0,1200,ADD
1746,G,4ADD,0,1200,ADD
1746,G,4ADD,0,1200,ADD
1749,G,4ADD,0,1200,ADD
1752,G,4ADD,0,1200,ADD
1752,G,4ADD,0,1200,ADD
1752,G,4ADD,0,1200,ADD
1755,G,4ADD,0,1200,ADD
1755,G,4ADD,0,1200,ADD
1758,G,4ADD,0,1200,ADD
1758,G,4ADD,0,1200,ADD
1761,G,4ADD,0,1200,ADD
1764,G,4ADD,0,1200,ADD
1770,G,4ADD,0,1200,ADD
1770,G,4ADD,0,1200,ADD
1773,G,4ADD,0,1200,ADD
1773,G,4ADD,0,1200,ADD
1776,G,4ADD,0,1200,ADD
1776,G,4ADD,0,1200,ADD
1779,G,4ADD,0,1200,ADD
1779,G,4ADD,0,1200,ADD
1782,G,4ADD,0,1200,ADD
1782,G,4ADD,0,1200,ADD
1782,G,4ADD,0,1200,ADD
1788,G,4ADD,0,1200,ADD
1788,G,4ADD,0,1200,ADD
1791,G,4ADD,0,1200,ADD
1791,G,4ADD,0,1200,ADD
1794,G,4ADD,0,1200,ADD
1794,G,4ADD,0,1200,ADD
1794,G,4ADD,0,1200,ADD
1794,G,4ADD,0,1200,ADD
1794,G,4ADD,0,1200,ADD
1797,G,4ADD,0,1200,ADD
1797,G,4ADD,0,1200,ADD
1800,G,4ADD,0,1200,ADD
1800,G,4ADD,0,1200,ADD
1803,G,4ADD,0,1200,ADD
1803,G,4ADD,0,1200,ADD
1806,G,4ADD,0,1200,ADD
1809,G,4ADD,0,1200,ADD
1809,G,4ADD,0,1200,ADD
1812,G,4ADD,0,1200,ADD
1812,G,4ADD,0,1200,ADD
1812,G,4ADD,0,1200,ADD
1812,G,4ADD,0,1200,ADD
1815,G,4ADD,0,1200,ADD
1815,G,4ADD,0,1200,ADD
1815,G,4ADD,0,1200,ADD
1818,G,4ADD,0,1200,ADD
1818,G,4ADD,0,1200,ADD
1818,G,4ADD,0,1200,ADD
1818,G,4ADD,0,1200,ADD
1818,G,4ADD,0,1200,ADD
1821,G,4ADD,0,1200,ADD
1821,G,4ADD,0,1200,ADD
1824,G,4ADD,0,1200,ADD
1827,G,4ADD,0,1200,ADD
1827,G,4ADD,0,1200,ADD
1827,G,4ADD,0,1200,ADD
1827,G,4ADD,0,1200,ADD
1830,G,4ADD,0,1200,ADD
1830,G,4ADD,0,1200,ADD
1830,G,4ADD,0,1200,ADD
1830,G,4ADD,0,1200,ADD
1830,G,4ADD,0,1200,ADD
1830,G,4ADD,0,1200,ADD
1833,G,4ADD,0,1200,ADD
1839,G,4ADD,0,1200,ADD
1842,G,4ADD,0,1200,ADD
1842,G,4ADD,0,1200,ADD
1842,G,4ADD,0,1200,ADD
1848,G,4ADD,0,1200,ADD
1851,G,4ADD,0,1200,ADD
1854,G,4ADD,0,1200,ADD
1857,G,4ADD,0,1200,ADD
1857,G,4ADD,0,1200,ADD
1857,G,4ADD,0,1200,ADD
1857,G,4ADD,0,1200,ADD
1857,G,4ADD,0,1200,ADD
1866,G,4ADD,0,1200,ADD
1866,G,4ADD,0,1200,ADD
1866,G,4ADD,0,1200,ADD
1866,G,4ADD,0,1200,ADD
1869,G,4ADD,0,1200,ADD
1872,G,4ADD,0,1200,ADD
1872,G,4ADD,0,1200,ADD
1872,G,4ADD,0,1200,ADD
1875,G,4ADD,0,1200,ADD
1878,G,4ADD,0,1200,ADD
1878,G,4ADD,0,1200,ADD
1878,G,4ADD,0,1200,ADD
1878,G,4ADD,0,1200,ADD
1878,G,4ADD,0,1200,ADD
1881,G,4ADD,0,1200,ADD
1881,G,4ADD,0,1200,ADD
1881,G,4ADD,0,1200,ADD
1884,G,4ADD,0,1200,ADD
1884,G,4ADD,0,1200,ADD
1884,G,4ADD,0,1200,ADD
1887,G,4ADD,0,1200,ADD
1890,G,4ADD,0,1200,ADD
1890,G,4ADD,0,1200,ADD
1890,G,4ADD,0,1200,ADD
1890,G,4ADD,0,1200,ADD
1890,G,4ADD,0,1200,ADD
1893,G,4ADD,0,1200,ADD
1896,G,4ADD,0,1200,ADD
1896,G,4ADD,0,1200,ADD
1896,G,4ADD,0,1200,ADD
1899,G,4ADD,0,1200,ADD
1899,G,4ADD,0,1200,ADD
1899,G,4ADD,0,1200,ADD
1902,G,4ADD,0,1200,ADD
1905,G,4ADD,0,1200,ADD
1905,G,4ADD,0,1200,ADD
1905,G,4ADD,0,1200,ADD
1905,G,4ADD,0,1200,ADD
1905,G,4ADD,0,1200,ADD
1905,G,4ADD,0,1200,ADD
1908,G,4ADD,0,1200,ADD
1914,G,4ADD,0,1200,ADD
1917,G,4ADD,0,1200,ADD
1917,G,4ADD,0,1200,ADD
1917,G,4ADD,0,1200,ADD
1920,G,4ADD,0,1200,ADD
1920,G,4ADD,0,1200,ADD
1920,G,4ADD,0,1200,ADD
1920,G,4ADD,0,1200,ADD
1923,G,4ADD,0,1200,ADD
1929,G,4ADD,0,1200,ADD
1929,G,4ADD,0,1200,ADD
1929,G,4ADD,0,1200,ADD
1932,G,4ADD,0,1200,ADD
1938,G,4ADD,0,1200,ADD
1938,G,4ADD,0,1200,ADD
1944,G,4ADD,0,1200,ADD
1944,G,4ADD,0,1200,ADD
1947,G,4ADD,0,1200,ADD
1950,G,4ADD,0,1200,ADD
1950,G,4ADD,0,1200,ADD
1953,G,4ADD,0,1200,ADD
1956,G,4ADD,0,1200,ADD
1959,G,4ADD,0,1200,ADD
1965,G,4ADD,0,1200,ADD
1968,G,4ADD,0,1200,ADD
1968,G,4ADD,0,1200,ADD
1971,G,4ADD,0,1200,ADD
1971,G,4ADD,0,1200,ADD
1971,G,4ADD,0,1200,ADD
1980,G,4ADD,0,1200,ADD
1980,G,4ADD,0,1200,ADD
1980,G,4ADD,0,1200,ADD
1992,G,4ADD,0,1200,ADD
1992,G,4ADD,0,1200,ADD
1995,G,4ADD,0,1200,ADD
1998,G,4ADD,0,1200,ADD
2001,G,4ADD,0,1200,ADD
2001,G,4ADD,0,1200,ADD
2001,G,4ADD,0,1200,ADD
2010,G,4ADD,0,1200,ADD
2019,G,4ADD,0,1200,ADD
2022,G,4ADD,0,1200,ADD
2037,G,4ADD,0,1200,ADD
2088,G,4ADD,0,1200,ADD
2088,G,4ADD,0,1200,ADD
1347,I,4DROP,0,900,DROP
1407,I,4DROP,0,900,DROP
1419,I,4DROP,0,900,DROP
1425,I,4DROP,0,900,DROP
1458,I,4DROP,0,900,DROP
1479,I,4DROP,0,900,DROP
1488,I,4DROP,0,900,DROP
1518,I,4DROP,0,900,DROP
1524,I,4DROP,0,900,DROP
1527,I,4DROP,0,900,DROP
1530,I,4DROP,0,900,DROP
1530,I,4DROP,0,900,DROP
1539,I,4DROP,0,900,DROP
1539,I,4DROP,0,900,DROP
1548,I,4DROP,0,900,DROP
1551,I,4DROP,0,900,DROP
1566,I,4DROP,0,900,DROP
1566,I,4DROP,0,900,DROP
1572,I,4DROP,0,900,DROP
1575,I,4DROP,0,900,DROP
1575,I,4DROP,0,900,DROP
1578,I,4DROP,0,900,DROP
1587,I,4DROP,0,900,DROP
1587,I,4DROP,0,900,DROP
1590,I,4DROP,0,900,DROP
1590,I,4DROP,0,900,DROP
1605,I,4DROP,0,900,DROP
1605,I,4DROP,0,900,DROP
1608,I,4DROP,0,900,DROP
1608,I,4DROP,0,900,DROP
1611,I,4DROP,0,900,DROP
1611,I,4DROP,0,900,DROP
1623,I,4DROP,0,900,DROP
1626,I,4DROP,0,900,DROP
1632,I,4DROP,0,900,DROP
1635,I,4DROP,0,900,DROP
1635,I,4DROP,0,900,DROP
1638,I,4DROP,0,900,DROP
1641,I,4DROP,0,900,DROP
1641,I,4DROP,0,900,DROP
1650,I,4DROP,0,900,DROP
1650,I,4DROP,0,900,DROP
1659,I,4DROP,0,900,DROP
1659,I,4DROP,0,900,DROP
1662,I,4DROP,0,900,DROP
1662,I,4DROP,0,900,DROP
1665,I,4DROP,0,900,DROP
1665,I,4DROP,0,900,DROP
1665,I,4DROP,0,900,DROP
1668,I,4DROP,0,900,DROP
1671,I,4DROP,0,900,DROP
1677,I,4DROP,0,900,DROP
1686,I,4DROP,0,900,DROP
1692,I,4DROP,0,900,DROP
1692,I,4DROP,0,900,DROP
1695,I,4DROP,0,900,DROP
1695,I,4DROP,0,900,DROP
1698,I,4DROP,0,900,DROP
1701,I,4DROP,0,900,DROP
1707,I,4DROP,0,900,DROP
1707,I,4DROP,0,900,DROP
1710,I,4DROP,0,900,DROP
1716,I,4DROP,0,900,DROP
1719,I,4DROP,0,900,DROP
1722,I,4DROP,0,900,DROP
1722,I,4DROP,0,900,DROP
1722,I,4DROP,0,900,DROP
1725,I,4DROP,0,900,DROP
1725,I,4DROP,0,900,DROP
1728,I,4DROP,0,900,DROP
1728,I,4DROP,0,900,DROP
1734,I,4DROP,0,900,DROP
1737,I,4DROP,0,900,DROP
1746,I,4DROP,0,900,DROP
1746,I,4DROP,0,900,DROP
1746,I,4DROP,0,900,DROP
1749,I,4DROP,0,900,DROP
1749,I,4DROP,0,900,DROP
1749,I,4DROP,0,900,DROP
1752,I,4DROP,0,900,DROP
1755,I,4DROP,0,900,DROP
1755,I,4DROP,0,900,DROP
1755,I,4DROP,0,900,DROP
1767,I,4DROP,0,900,DROP
1767,I,4DROP,0,900,DROP
1773,I,4DROP,0,900,DROP
1773,I,4DROP,0,900,DROP
1773,I,4DROP,0,900,DROP
1776,I,4DROP,0,900,DROP
1776,I,4DROP,0,900,DROP
1776,I,4DROP,0,900,DROP
1779,I,4DROP,0,900,DROP
1779,I,4DROP,0,900,DROP
1782,I,4DROP,0,900,DROP
1782,I,4DROP,0,900,DROP
1788,I,4DROP,0,900,DROP
1788,I,4DROP,0,900,DROP
1788,I,4DROP,0,900,DROP
1788,I,4DROP,0,900,DROP
1791,I,4DROP,0,900,DROP
1794,I,4DROP,0,900,DROP
1800,I,4DROP,0,900,DROP
1800,I,4DROP,0,900,DROP
1803,I,4DROP,0,900,DROP
1803,I,4DROP,0,900,DROP
1806,I,4DROP,0,900,DROP
1809,I,4DROP,0,900,DROP
1812,I,4DROP,0,900,DROP
1815,I,4DROP,0,900,DROP
1818,I,4DROP,0,900,DROP
1821,I,4DROP,0,900,DROP
1824,I,4DROP,0,900,DROP
1827,I,4DROP,0,900,DROP
1827,I,4DROP,0,900,DROP
1827,I,4DROP,0,900,DROP
1830,I,4DROP,0,900,DROP
1830,I,4DROP,0,900,DROP
1833,I,4DROP,0,900,DROP
1842,I,4DROP,0,900,DROP
1848,I,4DROP,0,900,DROP
1848,I,4DROP,0,900,DROP
1854,I,4DROP,0,900,DROP
1863,I,4DROP,0,900,DROP
1866,I,4DROP,0,900,DROP
1881,I,4DROP,0,900,DROP
1881,I,4DROP,0,900,DROP
1884,I,4DROP,0,900,DROP
1908,I,4DROP,0,900,DROP
1926,I,4DROP,0,900,DROP
1941,I,4DROP,0,900,DROP
1944,I,4DROP,0,900,DROP
1959,I,4DROP,0,900,DROP
1528,K,3,0,950,
1536,K,3,0,950,
1628,K,3,0,950,
1696,K,3,0,950,
1712,K,3,0,950,
1732,K,3,0,950,
1736,K,3,0,950,
1768,K,3,0,950,
1772,K,3,0,950,
1776,K,3,0,950,
1792,K,3,0,950,
1816,K,3,0,950,
1828,K,3,0,950,
1832,K,3,0,950,
1832,K,3,0,950,
1848,K,3,0,950,
1848,K,3,0,950,
1852,K,3,0,950,
1864,K,3,0,950,
1868,K,3,0,950,
1868,K,3,0,950,
1868,K,3,0,950,
1872,K,3,0,950,
1888,K,3,0,950,
1888,K,3,0,950,
1888,K,3,0,950,
1892,K,3,0,950,
1896,K,3,0,950,
1900,K,3,0,950,
1912,K,3,0,950,
1912,K,3,0,950,
1920,K,3,0,950,
1928,K,3,0,950,
1932,K,3,0,950,
1948,K,3,0,950,
1952,K,3,0,950,
1964,K,3,0,950,
1968,K,3,0,950,
1976,K,3,0,950,
1980,K,3,0,950,
1996,K,3,0,950,
2004,K,3,0,950,
2016,K,3,0,950,
2024,K,3,0,950,
2040,K,3,0,950,
2048,K,3,0,950,
2060,K,3,0,950,
2064,K,3,0,950,
2068,K,3,0,950,
2088,K,3,0,950,
2132,K,3,0,950,
2136,K,3,0,950,
2176,K,3,0,950,
1308,O,4,0,1750,
1455,O,4,0,1750,
1536,O,4,0,1750,
1542,O,4,0,1750,
1545,O,4,0,1750,
1566,O,4,0,1750,
1572,O,4,0,1750,
1575,O,4,0,1750,
1575,O,4,0,1750,
1578,O,4,0,1750,
1578,O,4,0,1750,
1584,O,4,0,1750,
1584,O,4,0,1750,
1587,O,4,0,1750,
1605,O,4,0,1750,
1608,O,4,0,1750,
1608,O,4,0,1750,
1623,O,4,0,1750,
1629,O,4,0,1750,
1629,O,4,0,1750,
1629,O,4,0,1750,
1635,O,4,0,1750,
1635,O,4,0,1750,
1647,O,4,0,1750,
1647,O,4,0,1750,
1647,O,4,0,1750,
1653,O,4,0,1750,
1653,O,4,0,1750,
1659,O,4,0,1750,
1665,O,4,0,1750,
1665,O,4,0,1750,
1665,O,4,0,1750,
1674,O,4,0,1750,
1674,O,4,0,1750,
1680,O,4,0,1750,
1686,O,4,0,1750,
1686,O,4,0,1750,
1689,O,4,0,1750,
1692,O,4,0,1750,
1707,O,4,0,1750,
1707,O,4,0,1750,
1707,O,4,0,1750,
1707,O,4,0,1750,
1707,O,4,0,1750,
1710,O,4,0,1750,
1710,O,4,0,1750,
1713,O,4,0,1750,
1722,O,4,0,1750,
1731,O,4,0,1750,
1737,O,4,0,1750,
1740,O,4,0,1750,
1752,O,4,0,1750,
1752,O,4,0,1750,
1758,O,4,0,1750,
1761,O,4,0,1750,
1761,O,4,0,1750,
1770,O,4,0,1750,
1779,O,4,0,1750,
1785,O,4,0,1750,
1791,O,4,0,1750,
1806,O,4,0,1750,
1815,O,4,0,1750,
1821,O,4,0,1750,
1842,O,4,0,1750,
1854,O,4,0,1750,
1857,O,4,0,1750,
1881,O,4,0,1750,
1905,O,4,0,1750,
1914,O,4,0,1750,
1914,O,4,0,1750,
1932,O,4,0,1750,
1932,O,4,0,1750,
1938,O,4,0,1750,
1938,O,4,0,1750,
1944,O,4,0,1750,
1944,O,4,0,1750,
1950,O,4,0,1750,
1953,O,4,0,1750,
1968,O,4,0,1750,
1974,O,4,0,1750,
1974,O,4,0,1750,
1974,O,4,0,1750,
1977,O,4,0,1750,
1980,O,4,0,1750,
1995,O,4,0,1750,
1995,O,4,0,1750,
1998,O,4,0,1750,
2007,O,4,0,1750,
2007,O,4,0,1750,
2010,O,4,0,1750,
2013,O,4,0,1750,
2013,O,4,0,1750,
2022,O,4,0,1750,
2028,O,4,0,1750,
2028,O,4,0,1750,
2040,O,4,0,1750,
2046,O,4,0,1750,
2046,O,4,0,1750,
2049,O,4,0,1750,
2049,O,4,0,1750,
2052,O,4,0,1750,
2064,O,4,0,1750,
2067,O,4,0,1750,
2070,O,4,0,1750,
2070,O,4,0,1750,
2070,O,4,0,1750,
2073,O,4,0,1750,
2073,O,4,0,1750,
2082,O,4,0,1750,
2082,O,4,0,1750,
2085,O,4,0,1750,
2085,O,4,0,1750,
2085,O,4,0,1750,
2088,O,4,0,1750,
2088,O,4,0,1750,
2091,O,4,0,1750,
2094,O,4,0,1750,
2103,O,4,0,1750,
2106,O,4,0,1750,
2106,O,4,0,1750,
2109,O,4,0,1750,
2109,O,4,0,1750,
2112,O,4,0,1750,
2115,O,4,0,1750,
2121,O,4,0,1750,
2130,O,4,0,1750,
2139,O,4,0,1750,
2139,O,4,0,1750,
2142,O,4,0,1750,
2145,O,4,0,1750,
2145,O,4,0,1750,
2154,O,4,0,1750,
2163,O,4,0,1750,
2169,O,4,0,1750,
2169,O,4,0,1750,
2169,O,4,0,1750,
2172,O,4,0,1750,
2175,O,4,0,1750,
2193,O,4,0,1750,
2196,O,4,0,1750,
2205,O,4,0,1750,
2214,O,4,0,1750,
2217,O,4,0,1750,
2232,O,4,0,1750,
2241,O,4,0,1750,
2241,O,4,0,1750,
2244,O,4,0,1750,
2268,O,4,0,1750,
2268,O,4,0,1750,
2271,O,4,0,1750,
2271,O,4,0,1750,
2280,O,4,0,1750,
2295,O,4,0,1750,
2325,O,4,0,1750,
2361,O,4,0,1750,
2385,O,4,0,1750,
1313.718,U,4,1,700,
1319.355,U,4,1,700,
1394.556,U,4,1,700,
1470.348,U,4,1,700,
1473,U,4,1,700,
1490.619,U,4,1,700,
1506,U,4,1,700,
1530.144,U,4,1,700,
1536,U,4,1,700,
1554.39,U,4,1,700,
1557.108,U,4,1,700,
1614,U,4,1,700,
1628.526,U,4,1,700,
1635,U,4,1,700,
1638,U,4,1,700,
1647,U,4,1,700,
1665,U,4,1,700,
1665,U,4,1,700,
1668,U,4,1,700,
1679.184,U,4,1,700,
1682.37,U,4,1,700,
1689.372,U,4,1,700,
1697.445,U,4,1,700,
1704,U,4,1,700,
1707,U,4,1,700,
1710.255,U,4,1,700,
1716.309,U,4,1,700,
1731,U,4,1,700,
1731,U,4,1,700,
1734.054,U,4,1,700,
1737.498,U,4,1,700,
1740.525,U,4,1,700,
1743,U,4,1,700,
1743,U,4,1,700,
1752.633,U,4,1,700,
1755,U,4,1,700,
1758.222,U,4,1,700,
1761.714,U,4,1,700,
1761.714,U,4,1,700,
1764.522,U,4,1,700,
1770.306,U,4,1,700,
1773.327,U,4,1,700,
1779,U,4,1,700,
1782.132,U,4,1,700,
1782.132,U,4,1,700,
1785,U,4,1,700,
1788,U,4,1,700,
1790.355,U,4,1,700,
1790.937,U,4,1,700,
1791.738,U,4,1,700,
1793.232,U,4,1,700,
1794.474,U,4,1,700,
1797.588,U,4,1,700,
1800.864,U,4,1,700,
1800.864,U,4,1,700,
1802.97,U,4,1,700,
1814.97,U,4,1,700,
1827.09,U,4,1,700,
1830.654,U,4,1,700,
1833.12,U,4,1,700,
1838.592,U,4,1,700,
1839.816,U,4,1,700,
1839.816,U,4,1,700,
1844.64,U,4,1,700,
1847.664,U,4,1,700,
1848,U,4,1,700,
1856.196,U,4,1,700,
1860,U,4,1,700,
1860.42,U,4,1,700,
1862.262,U,4,1,700,
1866.726,U,4,1,700,
1868.328,U,4,1,700,
1871.361,U,4,1,700,
1874.394,U,4,1,700,
1875.57,U,4,1,700,
1875.744,U,4,1,700,
1877.427,U,4,1,700,
1877.427,U,4,1,700,
1880.928,U,4,1,700,
1880.928,U,4,1,700,
1883.664,U,4,1,700,
1884.66,U,4,1,700,
1893.297,U,4,1,700,
1893.75,U,4,1,700,
1895.625,U,4,1,700,
1895.67,U,4,1,700,
1899.072,U,4,1,700,
1905.48,U,4,1,700,
1905.87,U,4,1,700,
1905.87,U,4,1,700,
1910.79,U,4,1,700,
1911,U,4,1,700,
1920.648,U,4,1,700,
1922.145,U,4,1,700,
1923.57,U,4,1,700,
1923.687,U,4,1,700,
1928.628,U,4,1,700,
1929,U,4,1,700,
1931.226,U,4,1,700,
1931.226,U,4,1,700,
1932.021,U,4,1,700,
1934.253,U,4,1,700,
1937.28,U,4,1,700,
1940.307,U,4,1,700,
1943.334,U,4,1,700,
1947.456,U,4,1,700,
1950.48,U,4,1,700,
1950.705,U,4,1,700,
1955.442,U,4,1,700,
1955.442,U,4,1,700,
1955.691,U,4,1,700,
1962.576,U,4,1,700,
1970.754,U,4,1,700,
1976.436,U,4,1,700,
1976.913,U,4,1,700,
1977.696,U,4,1,700,
1979.658,U,4,1,700,
1983.744,U,4,1,700,
1988.58,U,4,1,700,
1988.862,U,4,1,700,
2000.724,U,4,1,700,
2003.76,U,4,1,700,
2007.936,U,4,1,700,
2013.006,U,4,1,700,
2028.096,U,4,1,700,
2031.966,U,4,1,700,
2046.252,U,4,1,700,
2060.442,U,4,1,700,
2063.343,U,4,1,700,
2069.589,U,4,1,700,
2091.804,U,4,1,700,
2091.99,U,4,1,700,
1325.88,V,4,0,600,SAME
1640.958,V,4,0,600,SAME
1641.438,V,4,0,600,SAME
1643.88,V,4,0,600,SAME
1646.442,V,4,0,600,SAME
1650.78,V,4,0,600,SAME
1653.456,V,4,0,600,SAME
1661.952,V,4,0,600,SAME
1668.66,V,4,0,600,SAME
1682.226,V,4,0,600,SAME
1683,V,4,0,600,SAME
1686.162,V,4,0,600,SAME
1692.054,V,4,0,600,SAME
1692.672,V,4,0,600,SAME
1694.55,V,4,0,600,SAME
1701.36,V,4,0,600,SAME
1704.384,V,4,0,600,SAME
1707.072,V,4,0,600,SAME
1709.922,V,4,0,600,SAME
1716.372,V,4,0,600,SAME
1718.952,V,4,0,600,SAME
1724.469,V,4,0,600,SAME
1727.847,V,4,0,600,SAME
1734.72,V,4,0,600,SAME
1736.376,V,4,0,600,SAME
1739.925,V,4,0,600,SAME
1739.925,V,4,0,600,SAME
1748.94,V,4,0,600,SAME
1752.3,V,4,0,600,SAME
1752.336,V,4,0,600,SAME
1752.399,V,4,0,600,SAME
1754.604,V,4,0,600,SAME
1757.4,V,4,0,600,SAME
1757.436,V,4,0,600,SAME
1758.24,V,4,0,600,SAME
1761.3,V,4,0,600,SAME
1763.316,V,4,0,600,SAME
1763.937,V,4,0,600,SAME
1769.529,V,4,0,600,SAME
1769.85,V,4,0,600,SAME
1775.727,V,4,0,600,SAME
1779.165,V,4,0,600,SAME
1781.199,V,4,0,600,SAME
1784.835,V,4,0,600,SAME
1785.06,V,4,0,600,SAME
1785.24,V,4,0,600,SAME
1785.522,V,4,0,600,SAME
1790.55,V,4,0,600,SAME
1790.55,V,4,0,600,SAME
1790.976,V,4,0,600,SAME
1793.664,V,4,0,600,SAME
1794.324,V,4,0,600,SAME
1794.474,V,4,0,600,SAME
1797.42,V,4,0,600,SAME
1797.45,V,4,0,600,SAME
1797.516,V,4,0,600,SAME
1797.822,V,4,0,600,SAME
1799.721,V,4,0,600,SAME
1802.592,V,4,0,600,SAME
1806.669,V,4,0,600,SAME
1806.828,V,4,0,600,SAME
1808.388,V,4,0,600,SAME
1812.006,V,4,0,600,SAME
1812.069,V,4,0,600,SAME
1820.919,V,4,0,600,SAME
1826.19,V,4,0,600,SAME
1827,V,4,0,600,SAME
1827.297,V,4,0,600,SAME
1827.705,V,4,0,600,SAME
1830.591,V,4,0,600,SAME
1835.379,V,4,0,600,SAME
1835.943,V,4,0,600,SAME
1836.591,V,4,0,600,SAME
1838.55,V,4,0,600,SAME
1841.4,V,4,0,600,SAME
1845.144,V,4,0,600,SAME
1845.18,V,4,0,600,SAME
1845.216,V,4,0,600,SAME
1848.312,V,4,0,600,SAME
1848.816,V,4,0,600,SAME
1853.79,V,4,0,600,SAME
1859.652,V,4,0,600,SAME
1859.895,V,4,0,600,SAME
1860.849,V,4,0,600,SAME
1862.19,V,4,0,600,SAME
1863.45,V,4,0,600,SAME
1863.54,V,4,0,600,SAME
1868.46,V,4,0,600,SAME
1869.12,V,4,0,600,SAME
1872,V,4,0,600,SAME
1872.822,V,4,0,600,SAME
1875.612,V,4,0,600,SAME
1881.81,V,4,0,600,SAME
1883.97,V,4,0,600,SAME
1884.9,V,4,0,600,SAME
1886.787,V,4,0,600,SAME
1889.28,V,4,0,600,SAME
1889.544,V,4,0,600,SAME
1889.823,V,4,0,600,SAME
1895.4,V,4,0,600,SAME
1895.835,V,4,0,600,SAME
1896.048,V,4,0,600,SAME
1896.669,V,4,0,600,SAME
1896.756,V,4,0,600,SAME
1902.195,V,4,0,600,SAME
1902.432,V,4,0,600,SAME
1911.276,V,4,0,600,SAME
1913.52,V,4,0,600,SAME
1913.652,V,4,0,600,SAME
1916.238,V,4,0,600,SAME
1916.784,V,4,0,600,SAME
1916.784,V,4,0,600,SAME
1917.027,V,4,0,600,SAME
1917.036,V,4,0,600,SAME
1922.616,V,4,0,600,SAME
1922.616,V,4,0,600,SAME
1923.768,V,4,0,600,SAME
1926.891,V,4,0,600,SAME
1931.283,V,4,0,600,SAME
1931.868,V,4,0,600,SAME
1932.546,V,4,0,600,SAME
1932.753,V,4,0,600,SAME
1937.988,V,4,0,600,SAME
1940.652,V,4,0,600,SAME
1947.192,V,4,0,600,SAME
1949.103,V,4,0,600,SAME
1952.496,V,4,0,600,SAME
1971.162,V,4,0,600,SAME
1973.334,V,4,0,600,SAME
1973.367,V,4,0,600,SAME
1976.427,V,4,0,600,SAME
1976.688,V,4,0,600,SAME
1976.931,V,4,0,600,SAME
1979.295,V,4,0,600,SAME
1979.295,V,4,0,600,SAME
1985.112,V,4,0,600,SAME
1989.936,V,4,0,600,SAME
1989.96,V,4,0,600,SAME
1991.262,V,4,0,600,SAME
1994.388,V,4,0,600,SAME
2001.24,V,4,0,600,SAME
2003.112,V,4,0,600,SAME
2004.06,V,4,0,600,SAME
2010.018,V,4,0,600,SAME
2016.738,V,4,0,600,SAME
2034.9,V,4,0,600,SAME
2045.439,V,4,0,600,SAME
2051.811,V,4,0,600,SAME
2088.168,V,4,0,600,SAME
2115.057,V,4,0,600,SAME
1322.6928,A,5(4+1)D,0,650,
1322.748,A,5(4+1)D,0,650,
1327.7376,A,5(4+1)D,0,650,
1332,A,5(4+1)D,0,650,
1336.7232,A,5(4+1)D,0,650,
1339.392,A,5(4+1)D,0,650,
1345.7808,A,5(4+1)D,0,650,
1353.744,A,5(4+1)D,0,650,
1358.1888,A,5(4+1)D,0,650,
1368.1584,A,5(4+1)D,0,650,
1373.0784,A,5(4+1)D,0,650,
1381.764,A,5(4+1)D,0,650,
1399.6224,A,5(4+1)D,0,650,
1405.9008,A,5(4+1)D,0,650,
1406.4,A,5(4+1)D,0,650,
1413.9216,A,5(4+1)D,0,650,
1428,A,5(4+1)D,0,650,
1437.3072,A,5(4+1)D,0,650,
1437.6312,A,5(4+1)D,0,650,
1446.7728,A,5(4+1)D,0,650,
1451.4264,A,5(4+1)D,0,650,
1468.8,A,5(4+1)D,0,650,
1469.424,A,5(4+1)D,0,650,
1471.68,A,5(4+1)D,0,650,
1474.248,A,5(4+1)D,0,650,
1475.7384,A,5(4+1)D,0,650,
1494.6624,A,5(4+1)D,0,650,
1504.1712,A,5(4+1)D,0,650,
1504.9128,A,5(4+1)D,0,650,
1505.088,A,5(4+1)D,0,650,
1509.6,A,5(4+1)D,0,650,
1511.808,A,5(4+1)D,0,650,
1512.6192,A,5(4+1)D,0,650,
1514.3472,A,5(4+1)D,0,650,
1515.024,A,5(4+1)D,0,650,
1518.7968,A,5(4+1)D,0,650,
1519.2,A,5(4+1)D,0,650,
1519.248,A,5(4+1)D,0,650,
1533.6,A,5(4+1)D,0,650,
1534.2624,A,5(4+1)D,0,650,
1535.2944,A,5(4+1)D,0,650,
1538.8512,A,5(4+1)D,0,650,
1539.072,A,5(4+1)D,0,650,
1541.0688,A,5(4+1)D,0,650,
1541.3016,A,5(4+1)D,0,650,
1543.2,A,5(4+1)D,0,650,
1545.264,A,5(4+1)D,0,650,
1547.4672,A,5(4+1)D,0,650,
1548.6744,A,5(4+1)D,0,650,
1552.644,A,5(4+1)D,0,650,
1554.72,A,5(4+1)D,0,650,
1555.6608,A,5(4+1)D,0,650,
1557.36,A,5(4+1)D,0,650,
1557.6,A,5(4+1)D,0,650,
1558.1184,A,5(4+1)D,0,650,
1561.824,A,5(4+1)D,0,650,
1562.4,A,5(4+1)D,0,650,
1565.148,A,5(4+1)D,0,650,
1569.792,A,5(4+1)D,0,650,
1570.0752,A,5(4+1)D,0,650,
1576.716,A,5(4+1)D,0,650,
1576.9728,A,5(4+1)D,0,650,
1578.6936,A,5(4+1)D,0,650,
1579.5864,A,5(4+1)D,0,650,
1580.8608,A,5(4+1)D,0,650,
1581.78,A,5(4+1)D,0,650,
1584,A,5(4+1)D,0,650,
1586.148,A,5(4+1)D,0,650,
1588.8,A,5(4+1)D,0,650,
1589.508,A,5(4+1)D,0,650,
1593.5136,A,5(4+1)D,0,650,
1596,A,5(4+1)D,0,650,
1596.54,A,5(4+1)D,0,650,
1598.4,A,5(4+1)D,0,650,
1600.56,A,5(4+1)D,0,650,
1600.5792,A,5(4+1)D,0,650,
1600.6776,A,5(4+1)D,0,650,
1601.1648,A,5(4+1)D,0,650,
1601.1648,A,5(4+1)D,0,650,
1601.3088,A,5(4+1)D,0,650,
1601.46,A,5(4+1)D,0,650,
1602.5616,A,5(4+1)D,0,650,
1603.0224,A,5(4+1)D,0,650,
1605.324,A,5(4+1)D,0,650,
1607.7096,A,5(4+1)D,0,650,
1608.6096,A,5(4+1)D,0,650,
1610.784,A,5(4+1)D,0,650,
1612.632,A,5(4+1)D,0,650,
1614.432,A,5(4+1)D,0,650,
1615.2,A,5(4+1)D,0,650,
1615.9824,A,5(4+1)D,0,650,
1616.808,A,5(4+1)D,0,650,
1617.504,A,5(4+1)D,0,650,
1618.2504,A,5(4+1)D,0,650,
1619.232,A,5(4+1)D,0,650,
1620.7776,A,5(4+1)D,0,650,
1621.6104,A,5(4+1)D,0,650,
1622.4,A,5(4+1)D,0,650,
1622.7216,A,5(4+1)D,0,650,
1624.6152,A,5(4+1)D,0,650,
1624.8,A,5(4+1)D,0,650,
1624.812,A,5(4+1)D,0,650,
1624.8672,A,5(4+1)D,0,650,
1625.184,A,5(4+1)D,0,650,
1627.2,A,5(4+1)D,0,650,
1627.7976,A,5(4+1)D,0,650,
1628.8512,A,5(4+1)D,0,650,
1628.8896,A,5(4+1)D,0,650,
1629.6744,A,5(4+1)D,0,650,
1629.936,A,5(4+1)D,0,650,
1633.728,A,5(4+1)D,0,650,
1634.304,A,5(4+1)D,0,650,
1634.472,A,5(4+1)D,0,650,
1634.5008,A,5(4+1)D,0,650,
1634.688,A,5(4+1)D,0,650,
1636.944,A,5(4+1)D,0,650,
1640.9976,A,5(4+1)D,0,650,
1641.864,A,5(4+1)D,0,650,
1642.1184,A,5(4+1)D,0,650,
1643.2416,A,5(4+1)D,0,650,
1643.28,A,5(4+1)D,0,650,
1643.3472,A,5(4+1)D,0,650,
1644.2184,A,5(4+1)D,0,650,
1645.644,A,5(4+1)D,0,650,
1645.8288,A,5(4+1)D,0,650,
1646.688,A,5(4+1)D,0,650,
1646.7264,A,5(4+1)D,0,650,
1650.78,A,5(4+1)D,0,650,
1651.5696,A,5(4+1)D,0,650,
1651.608,A,5(4+1)D,0,650,
1652.3496,A,5(4+1)D,0,650,
1656.4704,A,5(4+1)D,0,650,
1656.48,A,5(4+1)D,0,650,
1658.4,A,5(4+1)D,0,650,
1658.8704,A,5(4+1)D,0,650,
1658.916,A,5(4+1)D,0,650,
1660.3416,A,5(4+1)D,0,650,
1660.4256,A,5(4+1)D,0,650,
1660.5096,A,5(4+1)D,0,650,
1661.2992,A,5(4+1)D,0,650,
1662.9984,A,5(4+1)D,0,650,
1663.008,A,5(4+1)D,0,650,
1665.4512,A,5(4+1)D,0,650,
1667.592,A,5(4+1)D,0,650,
1667.7456,A,5(4+1)D,0,650,
1667.904,A,5(4+1)D,0,650,
1668.0336,A,5(4+1)D,0,650,
1668.588,A,5(4+1)D,0,650,
1668.66,A,5(4+1)D,0,650,
1670.3448,A,5(4+1)D,0,650,
1670.3568,A,5(4+1)D,0,650,
1671.1344,A,5(4+1)D,0,650,
1671.984,A,5(4+1)D,0,650,
1673.1792,A,5(4+1)D,0,650,
1673.592,A,5(4+1)D,0,650,
1674.3888,A,5(4+1)D,0,650,
1675.26,A,5(4+1)D,0,650,
1675.26,A,5(4+1)D,0,650,
1677.6816,A,5(4+1)D,0,650,
1677.7152,A,5(4+1)D,0,650,
1680.18,A,5(4+1)D,0,650,
1681.776,A,5(4+1)D,0,650,
1684.5096,A,5(4+1)D,0,650,
1684.9344,A,5(4+1)D,0,650,
1685.4336,A,5(4+1)D,0,650,
1686.7224,A,5(4+1)D,0,650,
1687.3728,A,5(4+1)D,0,650,
1687.464,A,5(4+1)D,0,650,
1687.8552,A,5(4+1)D,0,650,
1689.3096,A,5(4+1)D,0,650,
1689.6,A,5(4+1)D,0,650,
1691.676,A,5(4+1)D,0,650,
1692,A,5(4+1)D,0,650,
1696.356,A,5(4+1)D,0,650,
1697.4384,A,5(4+1)D,0,650,
1698.912,A,5(4+1)D,0,650,
1698.9984,A,5(4+1)D,0,650,
1699.9632,A,5(4+1)D,0,650,
1702.2432,A,5(4+1)D,0,650,
1702.368,A,5(4+1)D,0,650,
1710.624,A,5(4+1)D,0,650,
1711.152,A,5(4+1)D,0,650,
1711.152,A,5(4+1)D,0,650,
1711.2744,A,5(4+1)D,0,650,
1711.4688,A,5(4+1)D,0,650,
1712.7936,A,5(4+1)D,0,650,
1712.9112,A,5(4+1)D,0,650,
1713.2544,A,5(4+1)D,0,650,
1716,A,5(4+1)D,0,650,
1716.372,A,5(4+1)D,0,650,
1716.4368,A,5(4+1)D,0,650,
1718.8416,A,5(4+1)D,0,650,
1718.928,A,5(4+1)D,0,650,
1720.3176,A,5(4+1)D,0,650,
1721.2176,A,5(4+1)D,0,650,
1721.2896,A,5(4+1)D,0,650,
1721.5104,A,5(4+1)D,0,650,
1722.6312,A,5(4+1)D,0,650,
1725.36,A,5(4+1)D,0,650,
1725.5232,A,5(4+1)D,0,650,
1734.4416,A,5(4+1)D,0,650,
1735.1568,A,5(4+1)D,0,650,
1735.9536,A,5(4+1)D,0,650,
1737.1152,A,5(4+1)D,0,650,
1740.7368,A,5(4+1)D,0,650,
1742.856,A,5(4+1)D,0,650,
1744.704,A,5(4+1)D,0,650,
1747.1352,A,5(4+1)D,0,650,
1747.704,A,5(4+1)D,0,650,
1749.5856,A,5(4+1)D,0,650,
1752.24,A,5(4+1)D,0,650,
1752.4728,A,5(4+1)D,0,650,
1753.752,A,5(4+1)D,0,650,
1756.0224,A,5(4+1)D,0,650,
1756.3392,A,5(4+1)D,0,650,
1756.44,A,5(4+1)D,0,650,
1756.6464,A,5(4+1)D,0,650,
1758.3552,A,5(4+1)D,0,650,
1760.76,A,5(4+1)D,0,650,
1760.8248,A,5(4+1)D,0,650,
1761.1104,A,5(4+1)D,0,650,
1764.72,A,5(4+1)D,0,650,
1768.4688,A,5(4+1)D,0,650,
1769.1888,A,5(4+1)D,0,650,
1769.952,A,5(4+1)D,0,650,
1771.4496,A,5(4+1)D,0,650,
1781.1816,A,5(4+1)D,0,650,
1781.4816,A,5(4+1)D,0,650,
1783.152,A,5(4+1)D,0,650,
1787.7336,A,5(4+1)D,0,650,
1789.8408,A,5(4+1)D,0,650,
1792.224,A,5(4+1)D,0,650,
1792.896,A,5(4+1)D,0,650,
1793.34,A,5(4+1)D,0,650,
1794.672,A,5(4+1)D,0,650,
1795.1808,A,5(4+1)D,0,650,
1797.516,A,5(4+1)D,0,650,
1802.4672,A,5(4+1)D,0,650,
1804.416,A,5(4+1)D,0,650,
1816.8384,A,5(4+1)D,0,650,
1823.5392,A,5(4+1)D,0,650,
1824.2136,A,5(4+1)D,0,650,
1825.8864,A,5(4+1)D,0,650,
1826.808,A,5(4+1)D,0,650,
1826.8632,A,5(4+1)D,0,650,
1838.088,A,5(4+1)D,0,650,
1838.4792,A,5(4+1)D,0,650,
1839.168,A,5(4+1)D,0,650,
1848.6,A,5(4+1)D,0,650,
1851.2736,A,5(4+1)D,0,650,
1298.7744,N,5(4+1),0,1500,
1322.388,N,5(4+1),0,1500,
1329.8544,N,5(4+1),0,1500,
1339.2,N,5(4+1),0,1500,
1367.4312,N,5(4+1),0,1500,
1394.136,N,5(4+1),0,1500,
1410.8448,N,5(4+1),0,1500,
1421.2224,N,5(4+1),0,1500,
1470.8064,N,5(4+1),0,1500,
1488.144,N,5(4+1),0,1500,
1528.5984,N,5(4+1),0,1500,
1533.168,N,5(4+1),0,1500,
1538.4096,N,5(4+1),0,1500,
1550.3976,N,5(4+1),0,1500,
1555.008,N,5(4+1),0,1500,
1562.8032,N,5(4+1),0,1500,
1562.8032,N,5(4+1),0,1500,
1569.8808,N,5(4+1),0,1500,
1576.1928,N,5(4+1),0,1500,
1577.52,N,5(4+1),0,1500,
1579.2504,N,5(4+1),0,1500,
1580.964,N,5(4+1),0,1500,
1581.744,N,5(4+1),0,1500,
1582.164,N,5(4+1),0,1500,
1588.0992,N,5(4+1),0,1500,
1590.672,N,5(4+1),0,1500,
1591.2,N,5(4+1),0,1500,
1601.46,N,5(4+1),0,1500,
1605,N,5(4+1),0,1500,
1610.8224,N,5(4+1),0,1500,
1615.68,N,5(4+1),0,1500,
1624.104,N,5(4+1),0,1500,
1625.184,N,5(4+1),0,1500,
1631.9928,N,5(4+1),0,1500,
1633.6992,N,5(4+1),0,1500,
1634.2272,N,5(4+1),0,1500,
1634.88,N,5(4+1),0,1500,
1636.6512,N,5(4+1),0,1500,
1636.992,N,5(4+1),0,1500,
1638.6624,N,5(4+1),0,1500,
1638.7272,N,5(4+1),0,1500,
1638.912,N,5(4+1),0,1500,
1641.0432,N,5(4+1),0,1500,
1641.4488,N,5(4+1),0,1500,
1643.5104,N,5(4+1),0,1500,
1643.8464,N,5(4+1),0,1500,
1645.776,N,5(4+1),0,1500,
1645.884,N,5(4+1),0,1500,
1646.4864,N,5(4+1),0,1500,
1648.62,N,5(4+1),0,1500,
1648.6944,N,5(4+1),0,1500,
1649.0352,N,5(4+1),0,1500,
1650.744,N,5(4+1),0,1500,
1654.02,N,5(4+1),0,1500,
1658.796,N,5(4+1),0,1500,
1660.1904,N,5(4+1),0,1500,
1660.296,N,5(4+1),0,1500,
1661.2752,N,5(4+1),0,1500,
1665.9,N,5(4+1),0,1500,
1668.6696,N,5(4+1),0,1500,
1672.32,N,5(4+1),0,1500,
1675.5,N,5(4+1),0,1500,
1676.8248,N,5(4+1),0,1500,
1677.6192,N,5(4+1),0,1500,
1683.0384,N,5(4+1),0,1500,
1683.0384,N,5(4+1),0,1500,
1689.0336,N,5(4+1),0,1500,
1691.5488,N,5(4+1),0,1500,
1691.6328,N,5(4+1),0,1500,
1691.8272,N,5(4+1),0,1500,
1694.016,N,5(4+1),0,1500,
1696.356,N,5(4+1),0,1500,
1699.3728,N,5(4+1),0,1500,
1702.296,N,5(4+1),0,1500,
1703.9568,N,5(4+1),0,1500,
1703.9808,N,5(4+1),0,1500,
1704.024,N,5(4+1),0,1500,
1705.86,N,5(4+1),0,1500,
1708.56,N,5(4+1),0,1500,
1711.4688,N,5(4+1),0,1500,
1711.8552,N,5(4+1),0,1500,
1712.9472,N,5(4+1),0,1500,
1713.1272,N,5(4+1),0,1500,
1713.9024,N,5(4+1),0,1500,
1715.6064,N,5(4+1),0,1500,
1716.12,N,5(4+1),0,1500,
1716.4368,N,5(4+1),0,1500,
1718.1024,N,5(4+1),0,1500,
1720.86,N,5(4+1),0,1500,
1725.696,N,5(4+1),0,1500,
1726.4016,N,5(4+1),0,1500,
1728.7872,N,5(4+1),0,1500,
1728.7872,N,5(4+1),0,1500,
1735.488,N,5(4+1),0,1500,
1737.0624,N,5(4+1),0,1500,
1737.3888,N,5(4+1),0,1500,
1739.2968,N,5(4+1),0,1500,
1739.6712,N,5(4+1),0,1500,
1740.7392,N,5(4+1),0,1500,
1742.7816,N,5(4+1),0,1500,
1742.8776,N,5(4+1),0,1500,
1749.696,N,5(4+1),0,1500,
1753.7256,N,5(4+1),0,1500,
1754.1792,N,5(4+1),0,1500,
1754.6496,N,5(4+1),0,1500,
1754.7432,N,5(4+1),0,1500,
1754.7672,N,5(4+1),0,1500,
1756.9368,N,5(4+1),0,1500,
1757.184,N,5(4+1),0,1500,
1762.2048,N,5(4+1),0,1500,
1763.4816,N,5(4+1),0,1500,
1763.5488,N,5(4+1),0,1500,
1763.5632,N,5(4+1),0,1500,
1766.7936,N,5(4+1),0,1500,
1773.2472,N,5(4+1),0,1500,
1776.5136,N,5(4+1),0,1500,
1778.9616,N,5(4+1),0,1500,
1780.8,N,5(4+1),0,1500,
1781.64,N,5(4+1),0,1500,
1782.4632,N,5(4+1),0,1500,
1782.96,N,5(4+1),0,1500,
1783.368,N,5(4+1),0,1500,
1787.9904,N,5(4+1),0,1500,
1788.1248,N,5(4+1),0,1500,
1790.316,N,5(4+1),0,1500,
1790.9424,N,5(4+1),0,1500,
1794.5928,N,5(4+1),0,1500,
1799.616,N,5(4+1),0,1500,
1801.6776,N,5(4+1),0,1500,
1802.112,N,5(4+1),0,1500,
1811.976,N,5(4+1),0,1500,
1812.6312,N,5(4+1),0,1500,
1813.9992,N,5(4+1),0,1500,
1816.3488,N,5(4+1),0,1500,
1819.44,N,5(4+1),0,1500,
1821.312,N,5(4+1),0,1500,
1830.4512,N,5(4+1),0,1500,
1841.352,N,5(4+1),0,1500,
1841.5488,N,5(4+1),0,1500,
1843.488,N,5(4+1),0,1500,
1843.8192,N,5(4+1),0,1500,
1845.612,N,5(4+1),0,1500,
1852.6464,N,5(4+1),0,1500,
1886.328,N,5(4+1),0,1500,
1931.6016,N,5(4+1),0,1500,
1302.6096,R,5(3+2),0,600,
1430.5632,R,5(3+2),0,600,
1521.9312,R,5(3+2),0,600,
1533.6216,R,5(3+2),0,600,
1559.7024,R,5(3+2),0,600,
1560,R,5(3+2),0,600,
1567.02,R,5(3+2),0,600,
1572.2448,R,5(3+2),0,600,
1574.0736,R,5(3+2),0,600,
1576.092,R,5(3+2),0,600,
1577.3184,R,5(3+2),0,600,
1583.5392,R,5(3+2),0,600,
1584.2088,R,5(3+2),0,600,
1591.0416,R,5(3+2),0,600,
1598.9976,R,5(3+2),0,600,
1617.648,R,5(3+2),0,600,
1625.52,R,5(3+2),0,600,
1635.0984,R,5(3+2),0,600,
1637.3448,R,5(3+2),0,600,
1643.6736,R,5(3+2),0,600,
1643.9472,R,5(3+2),0,600,
1654.0128,R,5(3+2),0,600,
1657.848,R,5(3+2),0,600,
1660.44,R,5(3+2),0,600,
1663.8432,R,5(3+2),0,600,
1666.2528,R,5(3+2),0,600,
1666.368,R,5(3+2),0,600,
1667.4432,R,5(3+2),0,600,
1667.4432,R,5(3+2),0,600,
1668.5856,R,5(3+2),0,600,
1670.0088,R,5(3+2),0,600,
1670.304,R,5(3+2),0,600,
1672.0656,R,5(3+2),0,600,
1674.432,R,5(3+2),0,600,
1675.872,R,5(3+2),0,600,
1675.9392,R,5(3+2),0,600,
1677.408,R,5(3+2),0,600,
1679.3616,R,5(3+2),0,600,
1680.1536,R,5(3+2),0,600,
1680.8064,R,5(3+2),0,600,
1682.3904,R,5(3+2),0,600,
1684.5096,R,5(3+2),0,600,
1684.9176,R,5(3+2),0,600,
1686.9264,R,5(3+2),0,600,
1692.2616,R,5(3+2),0,600,
1692.432,R,5(3+2),0,600,
1692.4944,R,5(3+2),0,600,
1692.4944,R,5(3+2),0,600,
1695.12,R,5(3+2),0,600,
1704.024,R,5(3+2),0,600,
1707.9552,R,5(3+2),0,600,
1716.372,R,5(3+2),0,600,
1716.6384,R,5(3+2),0,600,
1718.616,R,5(3+2),0,600,
1718.7408,R,5(3+2),0,600,
1721.4672,R,5(3+2),0,600,
1723.68,R,5(3+2),0,600,
1724.832,R,5(3+2),0,600,
1725.6456,R,5(3+2),0,600,
1727.3088,R,5(3+2),0,600,
1727.856,R,5(3+2),0,600,
1728.2496,R,5(3+2),0,600,
1734.876,R,5(3+2),0,600,
1735.8264,R,5(3+2),0,600,
1737.5904,R,5(3+2),0,600,
1744.5504,R,5(3+2),0,600,
1744.9296,R,5(3+2),0,600,
1746.3936,R,5(3+2),0,600,
1747.008,R,5(3+2),0,600,
1748.0328,R,5(3+2),0,600,
1750.128,R,5(3+2),0,600,
1752.192,R,5(3+2),0,600,
1754.2176,R,5(3+2),0,600,
1755.936,R,5(3+2),0,600,
1756.4256,R,5(3+2),0,600,
1757.4,R,5(3+2),0,600,
1759.4928,R,5(3+2),0,600,
1764.264,R,5(3+2),0,600,
1768.6464,R,5(3+2),0,600,
1770.648,R,5(3+2),0,600,
1770.8544,R,5(3+2),0,600,
1770.8544,R,5(3+2),0,600,
1771.5144,R,5(3+2),0,600,
1776.792,R,5(3+2),0,600,
1777.8528,R,5(3+2),0,600,
1780.032,R,5(3+2),0,600,
1780.2624,R,5(3+2),0,600,
1780.9776,R,5(3+2),0,600,
1782.9504,R,5(3+2),0,600,
1783.5984,R,5(3+2),0,600,
1791.2424,R,5(3+2),0,600,
1797.5616,R,5(3+2),0,600,
1798.26,R,5(3+2),0,600,
1799.352,R,5(3+2),0,600,
1799.9568,R,5(3+2),0,600,
1804.9392,R,5(3+2),0,600,
1810.4112,R,5(3+2),0,600,
1812.6192,R,5(3+2),0,600,
1814.1696,R,5(3+2),0,600,
1816.236,R,5(3+2),0,600,
1818.396,R,5(3+2),0,600,
1826.496,R,5(3+2),0,600,
1827.0792,R,5(3+2),0,600,
1829.5176,R,5(3+2),0,600,
1831.752,R,5(3+2),0,600,
1834.2456,R,5(3+2),0,600,
1836.1728,R,5(3+2),0,600,
1851.936,R,5(3+2),0,600,
1889.3952,R,5(3+2),0,600,
1896.6528,R,5(3+2),0,600,
1898.208,R,5(3+2),0,600,
1912.716,R,5(3+2),0,600,
1531.712,M,3,1,750,
1592,M,3,1,750,
1595.456,M,3,1,750,
1712.16,M,3,1,750,
1831.2,M,3,1,750,
1835.736,M,3,1,750,
1863.84,M,3,1,750,
1888.752,M,3,1,750,
1895.2,M,3,1,750,
1931.104,M,3,1,750,
1932.196,M,3,1,750,
1944.096,M,3,1,750,
1947.288,M,3,1,750,
1955.328,M,3,1,750,
1955.712,M,3,1,750,
1959.532,M,3,1,750,
1964.172,M,3,1,750,
1967.472,M,3,1,750,
1971.236,M,3,1,750,
1976.344,M,3,1,750,
1979.52,M,3,1,750,
1980.528,M,3,1,750,
1987.16,M,3,1,750,
1988.064,M,3,1,750,
1992.38,M,3,1,750,
1995.552,M,3,1,750,
2007.32,M,3,1,750,
2008.656,M,3,1,750,
2008.656,M,3,1,750,
2008.72,M,3,1,750,
2012.608,M,3,1,750,
2020.144,M,3,1,750,
2020.16,M,3,1,750,
2020.872,M,3,1,750,
2028.632,M,3,1,750,
2031.36,M,3,1,750,
2032.112,M,3,1,750,
2040.104,M,3,1,750,
2043.68,M,3,1,750,
2048.2,M,3,1,750,
2055.28,M,3,1,750,
2056.308,M,3,1,750,
2059.2,M,3,1,750,
2059.36,M,3,1,750,
2060.112,M,3,1,750,
2068.416,M,3,1,750,
2071.104,M,3,1,750,
2076.516,M,3,1,750,
2079.228,M,3,1,750,
2079.228,M,3,1,750,
2083.14,M,3,1,750,
2084,M,3,1,750,
2087.4,M,3,1,750,
2088.32,M,3,1,750,
2091.32,M,3,1,750,
2092.584,M,3,1,750,
2092.584,M,3,1,750,
2099.328,M,3,1,750,
2099.568,M,3,1,750,
2112.92,M,3,1,750,
2115.48,M,3,1,750,
2116.928,M,3,1,750,
2120.58,M,3,1,750,
2123.184,M,3,1,750,
2123.844,M,3,1,750,
2127.224,M,3,1,750,
2131.892,M,3,1,750,
2135.98,M,3,1,750,
2139.54,M,3,1,750,
2140.736,M,3,1,750,
2143.596,M,3,1,750,
2148.16,M,3,1,750,
2152.2,M,3,1,750,
2156.22,M,3,1,750,
2156.42,M,3,1,750,
2163.876,M,3,1,750,
2164.912,M,3,1,750,
2164.968,M,3,1,750,
2167.2,M,3,1,750,
2167.264,M,3,1,750,
2167.344,M,3,1,750,
2167.704,M,3,1,750,
2171.136,M,3,1,750,
2172.772,M,3,1,750,
2175.264,M,3,1,750,
2176.484,M,3,1,750,
2179.584,M,3,1,750,
2182.992,M,3,1,750,
2183.952,M,3,1,750,
2184.36,M,3,1,750,
2188.7,M,3,1,750,
2191.36,M,3,1,750,
2192.256,M,3,1,750,
2192.32,M,3,1,750,
2192.736,M,3,1,750,
2196.096,M,3,1,750,
2200.352,M,3,1,750,
2204.712,M,3,1,750,
2208.32,M,3,1,750,
2213.016,M,3,1,750,
2223.1,M,3,1,750,
2223.576,M,3,1,750,
2223.72,M,3,1,750,
2223.796,M,3,1,750,
2231.46,M,3,1,750,
2231.544,M,3,1,750,
2232.164,M,3,1,750,
2232.324,M,3,1,750,
2232.576,M,3,1,750,
2236.132,M,3,1,750,
2236.5,M,3,1,750,
2236.608,M,3,1,750,
2238.984,M,3,1,750,
2240.84,M,3,1,750,
2240.84,M,3,1,750,
2244.468,M,3,1,750,
2244.968,M,3,1,750,
2245.056,M,3,1,750,
2247.168,M,3,1,750,
2247.208,M,3,1,750,
2248.308,M,3,1,750,
2252.16,M,3,1,750,
2255.68,M,3,1,750,
2259.84,M,3,1,750,
2259.888,M,3,1,750,
2259.936,M,3,1,750,
2263.544,M,3,1,750,
2263.68,M,3,1,750,
2264.192,M,3,1,750,
2268.208,M,3,1,750,
2268.288,M,3,1,750,
2268.468,M,3,1,750,
2275.152,M,3,1,750,
2276.816,M,3,1,750,
2276.96,M,3,1,750,
2279.052,M,3,1,750,
2280.28,M,3,1,750,
2280.6,M,3,1,750,
2283.3,M,3,1,750,
2283.384,M,3,1,750,
2286.976,M,3,1,750,
2287.24,M,3,1,750,
2292.832,M,3,1,750,
2296.044,M,3,1,750,
2296.8,M,3,1,750,
2297.016,M,3,1,750,
2299.828,M,3,1,750,
2299.9,M,3,1,750,
2300.292,M,3,1,750,
2300.452,M,3,1,750,
2300.5,M,3,1,750,
2304.12,M,3,1,750,
2306.952,M,3,1,750,
2308.088,M,3,1,750,
2308.26,M,3,1,750,
2308.34,M,3,1,750,
2311.232,M,3,1,750,
2313.036,M,3,1,750,
2315.352,M,3,1,750,
2315.352,M,3,1,750,
2315.48,M,3,1,750,
2315.48,M,3,1,750,
2316.78,M,3,1,750,
2318.976,M,3,1,750,
2319.76,M,3,1,750,
2324.04,M,3,1,750,
2324.136,M,3,1,750,
2328.432,M,3,1,750,
2328.464,M,3,1,750,
2328.48,M,3,1,750,
2331.448,M,3,1,750,
2332.288,M,3,1,750,
2332.8,M,3,1,750,
2334.948,M,3,1,750,
2336.4,M,3,1,750,
2336.96,M,3,1,750,
2337.024,M,3,1,750,
2339.064,M,3,1,750,
2339.14,M,3,1,750,
2339.2,M,3,1,750,
2339.4,M,3,1,750,
2339.648,M,3,1,750,
2340.096,M,3,1,750,
2341.056,M,3,1,750,
2343.328,M,3,1,750,
2343.348,M,3,1,750,
2343.5,M,3,1,750,
2347.632,M,3,1,750,
2347.944,M,3,1,750,
2355.216,M,3,1,750,
2360.852,M,3,1,750,
2360.96,M,3,1,750,
2363.136,M,3,1,750,
2363.136,M,3,1,750,
2364.768,M,3,1,750,
2364.892,M,3,1,750,
2367.456,M,3,1,750,
2367.456,M,3,1,750,
2368.56,M,3,1,750,
2371.68,M,3,1,750,
2375.86,M,3,1,750,
2376.128,M,3,1,750,
2379.104,M,3,1,750,
2380.56,M,3,1,750,
2383.96,M,3,1,750,
2388.24,M,3,1,750,
2388.416,M,3,1,750,
2388.52,M,3,1,750,
2388.72,M,3,1,750,
2408.008,M,3,1,750,
2408.792,M,3,1,750,
2411.176,M,3,1,750,
2411.904,M,3,1,750,
2419.968,M,3,1,750,
2421.096,M,3,1,750,
2422.992,M,3,1,750,
2423.344,M,3,1,750,
2426.872,M,3,1,750,
2428.296,M,3,1,750,
2432.336,M,3,1,750,
2432.64,M,3,1,750,
2439.872,M,3,1,750,
2440.992,M,3,1,750,
2447.856,M,3,1,750,
2455.3,M,3,1,750,
2457.024,M,3,1,750,
2475.856,M,3,1,750,
2483.712,M,3,1,750,
2487.84,M,3,1,750,
2495.752,M,3,1,750,
2500.572,M,3,1,750,
2504.928,M,3,1,750,
2513.144,M,3,1,750,
2515.464,M,3,1,750,
2531.388,M,3,1,750,
2531.88,M,3,1,750,
2603.48,M,3,1,750,
2616.528,M,3,1,750,
1451.4,T,3,1,400,
1579.568,T,3,1,400,
1608,T,3,1,400,
1648,T,3,1,400,
1656.4,T,3,1,400,
1659.84,T,3,1,400,
1663.812,T,3,1,400,
1664,T,3,1,400,
1696,T,3,1,400,
1712,T,3,1,400,
1712,T,3,1,400,
1720,T,3,1,400,
1728,T,3,1,400,
1728,T,3,1,400,
1732,T,3,1,400,
1732,T,3,1,400,
1736,T,3,1,400,
1744,T,3,1,400,
1756,T,3,1,400,
1764,T,3,1,400,
1764,T,3,1,400,
1768,T,3,1,400,
1772,T,3,1,400,
1772,T,3,1,400,
1772,T,3,1,400,
1772,T,3,1,400,
1776,T,3,1,400,
1800,T,3,1,400,
1804,T,3,1,400,
1804,T,3,1,400,
1804,T,3,1,400,
1831.296,T,3,1,400,
1831.296,T,3,1,400,
1844,T,3,1,400,
1852,T,3,1,400,
1860,T,3,1,400,
1860,T,3,1,400,
1863.72,T,3,1,400,
1872,T,3,1,400,
1872,T,3,1,400,
1879.78,T,3,1,400,
1880,T,3,1,400,
1880.544,T,3,1,400,
1888.792,T,3,1,400,
1892,T,3,1,400,
1895.34,T,3,1,400,
1899.072,T,3,1,400,
1900.8,T,3,1,400,
1903.144,T,3,1,400,
1904.852,T,3,1,400,
1908,T,3,1,400,
1912.812,T,3,1,400,
1912.812,T,3,1,400,
1920.648,T,3,1,400,
1923.24,T,3,1,400,
1923.872,T,3,1,400,
1924,T,3,1,400,
1935.36,T,3,1,400,
1936.26,T,3,1,400,
1944.504,T,3,1,400,
1944.96,T,3,1,400,
1948.76,T,3,1,400,
1951.3,T,3,1,400,
1951.488,T,3,1,400,
1959.048,T,3,1,400,
1959.048,T,3,1,400,
1959.216,T,3,1,400,
1959.552,T,3,1,400,
1959.552,T,3,1,400,
1959.688,T,3,1,400,
1963.624,T,3,1,400,
1967.736,T,3,1,400,
1967.736,T,3,1,400,
1971.216,T,3,1,400,
1971.564,T,3,1,400,
1972.548,T,3,1,400,
1975.096,T,3,1,400,
1975.104,T,3,1,400,
1975.396,T,3,1,400,
1975.56,T,3,1,400,
1975.56,T,3,1,400,
1976,T,3,1,400,
1976,T,3,1,400,
1979.168,T,3,1,400,
1979.168,T,3,1,400,
1979.808,T,3,1,400,
1980.3,T,3,1,400,
1983.36,T,3,1,400,
1983.744,T,3,1,400,
1983.832,T,3,1,400,
1984,T,3,1,400,
1984,T,3,1,400,
1984.62,T,3,1,400,
1984.62,T,3,1,400,
1988.5,T,3,1,400,
1992,T,3,1,400,
1996.7,T,3,1,400,
1996.8,T,3,1,400,
1999.928,T,3,1,400,
2000.596,T,3,1,400,
2000.74,T,3,1,400,
2004,T,3,1,400,
2004,T,3,1,400,
2004,T,3,1,400,
2011.136,T,3,1,400,
2011.78,T,3,1,400,
2012,T,3,1,400,
2012.016,T,3,1,400,
2015.64,T,3,1,400,
2016.032,T,3,1,400,
2019.54,T,3,1,400,
2020,T,3,1,400,
2023.272,T,3,1,400,
2023.272,T,3,1,400,
2023.68,T,3,1,400,
2024,T,3,1,400,
2031.16,T,3,1,400,
2032,T,3,1,400,
2032.056,T,3,1,400,
2036,T,3,1,400,
2040,T,3,1,400,
2040.128,T,3,1,400,
2040.168,T,3,1,400,
2043.664,T,3,1,400,
2044,T,3,1,400,
2044.144,T,3,1,400,
2047.488,T,3,1,400,
2048,T,3,1,400,
2048.28,T,3,1,400,
2052.176,T,3,1,400,
2052.336,T,3,1,400,
2059.568,T,3,1,400,
2060,T,3,1,400,
2060.208,T,3,1,400,
2060.288,T,3,1,400,
2060.432,T,3,1,400,
2064.12,T,3,1,400,
2064.512,T,3,1,400,
2068.336,T,3,1,400,
2068.368,T,3,1,400,
2068.416,T,3,1,400,
2072.256,T,3,1,400,
2072.648,T,3,1,400,
2076.384,T,3,1,400,
2080.152,T,3,1,400,
2080.288,T,3,1,400,
2080.288,T,3,1,400,
2080.768,T,3,1,400,
2084.304,T,3,1,400,
2084.544,T,3,1,400,
2084.72,T,3,1,400,
2084.784,T,3,1,400,
2084.784,T,3,1,400,
2084.832,T,3,1,400,
2088.168,T,3,1,400,
2088.456,T,3,1,400,
2088.576,T,3,1,400,
2091,T,3,1,400,
2092,T,3,1,400,
2092.816,T,3,1,400,
2092.896,T,3,1,400,
2092.96,T,3,1,400,
2095.044,T,3,1,400,
2095.092,T,3,1,400,
2095.092,T,3,1,400,
2096.952,T,3,1,400,
2097.024,T,3,1,400,
2097.024,T,3,1,400,
2099.176,T,3,1,400,
2100.528,T,3,1,400,
2100.912,T,3,1,400,
2101.008,T,3,1,400,
2103.296,T,3,1,400,
2107.404,T,3,1,400,
2108.736,T,3,1,400,
2110.968,T,3,1,400,
2111.428,T,3,1,400,
2112,T,3,1,400,
2115.144,T,3,1,400,
2115.26,T,3,1,400,
2115.312,T,3,1,400,
2115.36,T,3,1,400,
2115.512,T,3,1,400,
2123.1,T,3,1,400,
2123.748,T,3,1,400,
2123.748,T,3,1,400,
2123.82,T,3,1,400,
2127.672,T,3,1,400,
2127.764,T,3,1,400,
2132,T,3,1,400,
2132.112,T,3,1,400,
2132.256,T,3,1,400,
2135.56,T,3,1,400,
2136,T,3,1,400,
2136.1,T,3,1,400,
2139.276,T,3,1,400,
2139.768,T,3,1,400,
2140.32,T,3,1,400,
2144.1,T,3,1,400,
2144.208,T,3,1,400,
2144.508,T,3,1,400,
2147.364,T,3,1,400,
2147.364,T,3,1,400,
2148.184,T,3,1,400,
2148.4,T,3,1,400,
2152,T,3,1,400,
2152,T,3,1,400,
2152.576,T,3,1,400,
2152.772,T,3,1,400,
2155.86,T,3,1,400,
2156.352,T,3,1,400,
2156.352,T,3,1,400,
2159.024,T,3,1,400,
2159.716,T,3,1,400,
2160,T,3,1,400,
2160.28,T,3,1,400,
2160.7,T,3,1,400,
2160.976,T,3,1,400,
2164.8,T,3,1,400,
2167.064,T,3,1,400,
2168.432,T,3,1,400,
2168.76,T,3,1,400,
2172.688,T,3,1,400,
2175.6,T,3,1,400,
2175.6,T,3,1,400,
2176,T,3,1,400,
2179.072,T,3,1,400,
2179.84,T,3,1,400,
2183.6,T,3,1,400,
2183.6,T,3,1,400,
2184.736,T,3,1,400,
2187.264,T,3,1,400,
2187.944,T,3,1,400,
2187.944,T,3,1,400,
2188.584,T,3,1,400,
2191.36,T,3,1,400,
2191.84,T,3,1,400,
2200.8,T,3,1,400,
2204.58,T,3,1,400,
2204.856,T,3,1,400,
2207.04,T,3,1,400,
2207.28,T,3,1,400,
2211.728,T,3,1,400,
2216.444,T,3,1,400,
2216.736,T,3,1,400,
2216.896,T,3,1,400,
2219.428,T,3,1,400,
2231.456,T,3,1,400,
2232,T,3,1,400,
2235.412,T,3,1,400,
2247.392,T,3,1,400,
2248.396,T,3,1,400,
2265.088,T,3,1,400,
2337,T,3,1,400,
1391.85,E,4,1,600,
1535.49,E,4,1,600,
1602.174,E,4,1,600,
1640.88,E,4,1,600,
1679.658,E,4,1,600,
1709.202,E,4,1,600,
1715.406,E,4,1,600,
1730.664,E,4,1,600,
1746.144,E,4,1,600,
1746.696,E,4,1,600,
1817.772,E,4,1,600,
1820.874,E,4,1,600,
1823.976,E,4,1,600,
1835.913,E,4,1,600,
1877.232,E,4,1,600,
1880.856,E,4,1,600,
1887.291,E,4,1,600,
1893.489,E,4,1,600,
1901.592,E,4,1,600,
1905.885,E,4,1,600,
1911.42,E,4,1,600,
1920.072,E,4,1,600,
1935,E,4,1,600,
1941.192,E,4,1,600,
1941.192,E,4,1,600,
1941.891,E,4,1,600,
1950.597,E,4,1,600,
1953.576,E,4,1,600,
1962.36,E,4,1,600,
1968.048,E,4,1,600,
1977.39,E,4,1,600,
1979.076,E,4,1,600,
1979.424,E,4,1,600,
2001.114,E,4,1,600,
2001.171,E,4,1,600,
2001.516,E,4,1,600,
2003.484,E,4,1,600,
2012.4,E,4,1,600,
2019.816,E,4,1,600,
2034.594,E,4,1,600,
2037.75,E,4,1,600,
2039.319,E,4,1,600,
2039.985,E,4,1,600,
2043.36,E,4,1,600,
2049.012,E,4,1,600,
2055.3,E,4,1,600,
2057.286,E,4,1,600,
2058.882,E,4,1,600,
2058.882,E,4,1,600,
2064.303,E,4,1,600,
2070.132,E,4,1,600,
2072.235,E,4,1,600,
2075.04,E,4,1,600,
2075.04,E,4,1,600,
2075.238,E,4,1,600,
2076.516,E,4,1,600,
2079.252,E,4,1,600,
2079.675,E,4,1,600,
2081.04,E,4,1,600,
2081.916,E,4,1,600,
2081.916,E,4,1,600,
2082.36,E,4,1,600,
2084.775,E,4,1,600,
2084.775,E,4,1,600,
2088.576,E,4,1,600,
2088.726,E,4,1,600,
2091.825,E,4,1,600,
2091.906,E,4,1,600,
2094.42,E,4,1,600,
2096.031,E,4,1,600,
2097.048,E,4,1,600,
2097.144,E,4,1,600,
2097.741,E,4,1,600,
2102.196,E,4,1,600,
2102.88,E,4,1,600,
2103.24,E,4,1,600,
2108.178,E,4,1,600,
2108.295,E,4,1,600,
2109.426,E,4,1,600,
2111.637,E,4,1,600,
2112.525,E,4,1,600,
2115.057,E,4,1,600,
2115.36,E,4,1,600,
2118.333,E,4,1,600,
2118.666,E,4,1,600,
2118.666,E,4,1,600,
2123.82,E,4,1,600,
2127.372,E,4,1,600,
2129.868,E,4,1,600,
2130.03,E,4,1,600,
2130.552,E,4,1,600,
2132.088,E,4,1,600,
2132.1,E,4,1,600,
2132.112,E,4,1,600,
2132.739,E,4,1,600,
2133.054,E,4,1,600,
2133.09,E,4,1,600,
2135.058,E,4,1,600,
2139.318,E,4,1,600,
2141.379,E,4,1,600,
2141.379,E,4,1,600,
2141.409,E,4,1,600,
2142.432,E,4,1,600,
2144.508,E,4,1,600,
2145.528,E,4,1,600,
2147.607,E,4,1,600,
2147.628,E,4,1,600,
2148.12,E,4,1,600,
2148.624,E,4,1,600,
2148.66,E,4,1,600,
2154.726,E,4,1,600,
2156.88,E,4,1,600,
2156.88,E,4,1,600,
2159.91,E,4,1,600,
2159.928,E,4,1,600,
2160.06,E,4,1,600,
2160.066,E,4,1,600,
2162.094,E,4,1,600,
2162.145,E,4,1,600,
2163.072,E,4,1,600,
2163.168,E,4,1,600,
2163.744,E,4,1,600,
2163.915,E,4,1,600,
2165.1,E,4,1,600,
2166.111,E,4,1,600,
2166.714,E,4,1,600,
2168.283,E,4,1,600,
2169.3,E,4,1,600,
2172.417,E,4,1,600,
2172.555,E,4,1,600,
2174.655,E,4,1,600,
2175.12,E,4,1,600,
2175.6,E,4,1,600,
2178.825,E,4,1,600,
2180.556,E,4,1,600,
2180.706,E,4,1,600,
2181.114,E,4,1,600,
2181.54,E,4,1,600,
2181.816,E,4,1,600,
2183.004,E,4,1,600,
2183.922,E,4,1,600,
2184.048,E,4,1,600,
2184.66,E,4,1,600,
2185.017,E,4,1,600,
2186.028,E,4,1,600,
2186.1,E,4,1,600,
2186.136,E,4,1,600,
2186.886,E,4,1,600,
2189.124,E,4,1,600,
2189.223,E,4,1,600,
2190.24,E,4,1,600,
2190.24,E,4,1,600,
2192.13,E,4,1,600,
2192.418,E,4,1,600,
2193.9,E,4,1,600,
2195.559,E,4,1,600,
2196.366,E,4,1,600,
2198.34,E,4,1,600,
2198.484,E,4,1,600,
2198.7,E,4,1,600,
2201.715,E,4,1,600,
2202.888,E,4,1,600,
2204.838,E,4,1,600,
2204.928,E,4,1,600,
2205.819,E,4,1,600,
2205.996,E,4,1,600,
2207.04,E,4,1,600,
2208.144,E,4,1,600,
2210.76,E,4,1,600,
2210.76,E,4,1,600,
2211.921,E,4,1,600,
2214.054,E,4,1,600,
2214.324,E,4,1,600,
2214.324,E,4,1,600,
2216.187,E,4,1,600,
2216.97,E,4,1,600,
2222.352,E,4,1,600,
2222.586,E,4,1,600,
2223.576,E,4,1,600,
2223.936,E,4,1,600,
2225.538,E,4,1,600,
2225.88,E,4,1,600,
2225.922,E,4,1,600,
2226.51,E,4,1,600,
2228.436,E,4,1,600,
2231.772,E,4,1,600,
2231.964,E,4,1,600,
2232.24,E,4,1,600,
2235.534,E,4,1,600,
2237.235,E,4,1,600,
2238.528,E,4,1,600,
2243.031,E,4,1,600,
2243.34,E,4,1,600,
2246.049,E,4,1,600,
2246.43,E,4,1,600,
2246.775,E,4,1,600,
2247.072,E,4,1,600,
2248.02,E,4,1,600,
2248.02,E,4,1,600,
2249.1,E,4,1,600,
2249.52,E,4,1,600,
2252.052,E,4,1,600,
2252.472,E,4,1,600,
2253.384,E,4,1,600,
2254.065,E,4,1,600,
2255.616,E,4,1,600,
2259.546,E,4,1,600,
2261.304,E,4,1,600,
2262.267,E,4,1,600,
2268,E,4,1,600,
2268.84,E,4,1,600,
2271.06,E,4,1,600,
2271.912,E,4,1,600,
2273.112,E,4,1,600,
2276.256,E,4,1,600,
2276.778,E,4,1,600,
2276.868,E,4,1,600,
2282.562,E,4,1,600,
2282.913,E,4,1,600,
2283.324,E,4,1,600,
2286.36,E,4,1,600,
2288.55,E,4,1,600,
2289.789,E,4,1,600,
2292.483,E,4,1,600,
2292.78,E,4,1,600,
2295.756,E,4,1,600,
2297.31,E,4,1,600,
2299.92,E,4,1,600,
2303.604,E,4,1,600,
2304.36,E,4,1,600,
2309.202,E,4,1,600,
2309.616,E,4,1,600,
2310.495,E,4,1,600,
2318.589,E,4,1,600,
2319.66,E,4,1,600,
2321.199,E,4,1,600,
2328.183,E,4,1,600,
2328.396,E,4,1,600,
2340.045,E,4,1,600,
2342.277,E,4,1,600,
2357.532,E,4,1,600,
2366.01,E,4,1,600,
2367.903,E,4,1,600,
2369.691,E,4,1,600,
2372.22,E,4,1,600,
2397.78,E,4,1,600,
2399.112,E,4,1,600,
2418.792,E,4,1,600,
1302,L,4,1,450,
1329,L,4,1,450,
1335,L,4,1,450,
1377,L,4,1,450,
1380,L,4,1,450,
1455,L,4,1,450,
1473,L,4,1,450,
1506,L,4,1,450,
1509,L,4,1,450,
1512,L,4,1,450,
1527,L,4,1,450,
1545,L,4,1,450,
1545,L,4,1,450,
1554,L,4,1,450,
1560,L,4,1,450,
1560,L,4,1,450,
1566,L,4,1,450,
1572,L,4,1,450,
1578,L,4,1,450,
1584,L,4,1,450,
1614,L,4,1,450,
1629,L,4,1,450,
1635,L,4,1,450,
1638,L,4,1,450,
1656,L,4,1,450,
1668,L,4,1,450,
1701,L,4,1,450,
1707,L,4,1,450,
1716,L,4,1,450,
1725,L,4,1,450,
1728,L,4,1,450,
1743,L,4,1,450,
1749,L,4,1,450,
1767,L,4,1,450,
1770,L,4,1,450,
1785,L,4,1,450,
1788,L,4,1,450,
1797,L,4,1,450,
1803,L,4,1,450,
1806,L,4,1,450,
1812,L,4,1,450,
1812,L,4,1,450,
1812,L,4,1,450,
1815,L,4,1,450,
1818,L,4,1,450,
1818,L,4,1,450,
1824,L,4,1,450,
1827,L,4,1,450,
1827,L,4,1,450,
1836,L,4,1,450,
1839,L,4,1,450,
1845,L,4,1,450,
1857,L,4,1,450,
1872,L,4,1,450,
1875,L,4,1,450,
1884,L,4,1,450,
1887,L,4,1,450,
1887,L,4,1,450,
1887,L,4,1,450,
1890,L,4,1,450,
1893,L,4,1,450,
1896,L,4,1,450,
1896,L,4,1,450,
1896,L,4,1,450,
1899,L,4,1,450,
1902,L,4,1,450,
1902,L,4,1,450,
1908,L,4,1,450,
1911,L,4,1,450,
1914,L,4,1,450,
1917,L,4,1,450,
1923,L,4,1,450,
1926,L,4,1,450,
1926,L,4,1,450,
1929,L,4,1,450,
1932,L,4,1,450,
1932,L,4,1,450,
1932,L,4,1,450,
1935,L,4,1,450,
1935,L,4,1,450,
1935,L,4,1,450,
1959,L,4,1,450,
1959,L,4,1,450,
1965,L,4,1,450,
1968,L,4,1,450,
1974,L,4,1,450,
1980,L,4,1,450,
1980,L,4,1,450,
1986,L,4,1,450,
1989,L,4,1,450,
1989,L,4,1,450,
1992,L,4,1,450,
1995,L,4,1,450,
1998,L,4,1,450,
2007,L,4,1,450,
2019,L,4,1,450,
2025,L,4,1,450,
2034,L,4,1,450,
2037,L,4,1,450,
2043,L,4,1,450,
2046,L,4,1,450,
2055,L,4,1,450,
2070,L,4,1,450,
2076,L,4,1,450,
2091,L,4,1,450,
2097,L,4,1,450,
2100,L,4,1,450,
2103,L,4,1,450,
2127,L,4,1,450,
2157,L,4,1,450,
2172,L,4,1,450,
2220,L,4,1,450,
